id,student_id,annee_universitaire,statut,filiere_id,annee_cursus
1,1,2022-2023,inscrit,1,1
2,1,2023-2024,abandonné,1,2
3,1,2024-2025,inscrit,1,3
4,2,2020-2021,inscrit,1,1
5,2,2021-2022,inscrit,1,2
6,2,2022-2023,inscrit,1,3
7,2,2023-2024,inscrit,1,4
8,2,2024-2025,,1,5
9,3,2020-2021,inscrit,1,1
10,3,2021-2022,inscrit,1,2
11,3,2022-2023,inscrit,1,3
12,3,2023-2024,inscrit,1,4
13,3,2024-2025,inscrit,1,5
14,4,2020-2021,inscrit,1,1
15,4,2021-2022,inscrit,1,2
16,4,2022-2023,inscrit,1,3
17,4,2023-2024,inscrit,1,4
18,4,2024-2025,inscrit,1,5
19,5,2020-2021,inscrit,1,1
20,5,2021-2022,inscrit,1,2
21,5,2022-2023,inscrit,1,3
22,5,2023-2024,inscrit,1,4
23,5,2024-2025,inscrit,1,5
24,6,2024-2025,inscrit,1,1
25,7,2021-2022,inscrit,1,1
26,7,2022-2023,inscrit,1,2
27,7,2023-2024,inscrit,1,3
28,7,2024-2025,abandonné,1,4
29,8,2021-2022,inscrit,1,1
30,8,2022-2023,inscrit,1,2
31,8,2023-2024,inscrit,1,3
32,8,2024-2025,inscrit,1,4
33,9,2021-2022,inscrit,1,1
34,9,2022-2023,inscrit,1,2
35,9,2023-2024,inscrit,1,3
36,9,2024-2025,,1,4
37,10,2023-2024,inscrit,1,1
38,10,2024-2025,inscrit,1,2
39,11,2023-2024,inscrit,1,1
40,11,2024-2025,inscrit,1,2
41,12,2022-2023,inscrit,1,1
42,12,2023-2024,,1,2
43,12,2024-2025,inscrit,1,3
44,13,2022-2023,inscrit,1,1
45,13,2023-2024,inscrit,1,2
46,13,2024-2025,inscrit,1,3
47,14,2021-2022,inscrit,1,1
48,14,2022-2023,inscrit,1,2
49,14,2023-2024,inscrit,1,3
50,14,2024-2025,abandonné,1,4
51,15,2021-2022,inscrit,1,1
52,15,2022-2023,inscrit,1,2
53,15,2023-2024,inscrit,1,3
54,15,2024-2025,inscrit,1,4
55,16,2022-2023,inscrit,1,1
56,16,2023-2024,inscrit,1,2
57,16,2024-2025,inscrit,1,3
58,17,2020-2021,inscrit,1,1
59,17,2021-2022,inscrit,1,2
60,17,2022-2023,abandonné,1,3
61,17,2023-2024,inscrit,1,4
62,17,2024-2025,,1,5
63,18,2022-2023,inscrit,1,1
64,18,2023-2024,inscrit,1,2
65,18,2024-2025,inscrit,1,3
66,19,2022-2023,inscrit,1,1
67,19,2023-2024,inscrit,1,2
68,19,2024-2025,inscrit,1,3
69,20,2024-2025,inscrit,1,1
70,21,2022-2023,inscrit,1,1
71,21,2023-2024,inscrit,1,2
72,21,2024-2025,inscrit,1,3
73,22,2024-2025,inscrit,1,1
74,23,2023-2024,inscrit,1,1
75,23,2024-2025,inscrit,1,2
76,24,2023-2024,inscrit,1,1
77,24,2024-2025,inscrit,1,2
78,25,2020-2021,inscrit,1,1
79,25,2021-2022,inscrit,1,2
80,25,2022-2023,inscrit,1,3
81,25,2023-2024,inscrit,1,4
82,25,2024-2025,inscrit,1,5
83,26,2022-2023,inscrit,1,1
84,26,2023-2024,inscrit,1,2
85,26,2024-2025,inscrit,1,3
86,27,2023-2024,inscrit,1,1
87,27,2024-2025,inscrit,1,2
88,28,2023-2024,inscrit,1,1
89,28,2024-2025,inscrit,1,2
90,29,2022-2023,inscrit,1,1
91,29,2023-2024,inscrit,1,2
92,29,2024-2025,inscrit,1,3
93,30,2020-2021,inscrit,1,1
94,30,2021-2022,inscrit,1,2
95,30,2022-2023,inscrit,1,3
96,30,2023-2024,inscrit,1,4
97,30,2024-2025,inscrit,1,5
98,31,2020-2021,inscrit,1,1
99,31,2021-2022,inscrit,1,2
100,31,2022-2023,inscrit,1,3
101,31,2023-2024,inscrit,1,4
102,31,2024-2025,inscrit,1,5
103,32,2023-2024,inscrit,1,1
104,32,2024-2025,inscrit,1,2
105,33,2021-2022,inscrit,1,1
106,33,2022-2023,inscrit,1,2
107,33,2023-2024,inscrit,1,3
108,33,2024-2025,inscrit,1,4
109,34,2021-2022,inscrit,1,1
110,34,2022-2023,inscrit,1,2
111,34,2023-2024,inscrit,1,3
112,34,2024-2025,abandonné,1,4
113,35,2022-2023,inscrit,1,1
114,35,2023-2024,inscrit,1,2
115,35,2024-2025,inscrit,1,3
116,36,2023-2024,inscrit,1,1
117,36,2024-2025,inscrit,1,2
118,37,2023-2024,inscrit,1,1
119,37,2024-2025,inscrit,1,2
120,38,2024-2025,inscrit,1,1
121,39,2024-2025,inscrit,1,1
122,40,2021-2022,inscrit,1,1
123,40,2022-2023,,1,2
124,40,2023-2024,inscrit,1,3
125,40,2024-2025,inscrit,1,4
126,41,2022-2023,inscrit,1,1
127,41,2023-2024,inscrit,1,2
128,41,2024-2025,inscrit,1,3
129,42,2024-2025,inscrit,1,1
130,43,2021-2022,inscrit,1,1
131,43,2022-2023,,1,2
132,43,2023-2024,inscrit,1,3
133,43,2024-2025,inscrit,1,4
134,44,2020-2021,inscrit,1,1
135,44,2021-2022,inscrit,1,2
136,44,2022-2023,inscrit,1,3
137,44,2023-2024,inscrit,1,4
138,44,2024-2025,inscrit,1,5
139,45,2023-2024,inscrit,1,1
140,45,2024-2025,inscrit,1,2
141,46,2023-2024,inscrit,1,1
142,46,2024-2025,inscrit,1,2
143,47,2023-2024,inscrit,1,1
144,47,2024-2025,inscrit,1,2
145,48,2022-2023,inscrit,1,1
146,48,2023-2024,inscrit,1,2
147,48,2024-2025,inscrit,1,3
148,49,2022-2023,inscrit,1,1
149,49,2023-2024,inscrit,1,2
150,49,2024-2025,inscrit,1,3
151,50,2023-2024,inscrit,1,1
152,50,2024-2025,inscrit,1,2
153,51,2024-2025,inscrit,1,1
154,52,2021-2022,inscrit,1,1
155,52,2022-2023,inscrit,1,2
156,52,2023-2024,inscrit,1,3
157,52,2024-2025,inscrit,1,4
158,53,2023-2024,inscrit,1,1
159,53,2024-2025,inscrit,1,2
160,54,2020-2021,inscrit,1,1
161,54,2021-2022,inscrit,1,2
162,54,2022-2023,inscrit,1,3
163,54,2023-2024,,1,4
164,54,2024-2025,inscrit,1,5
165,55,2021-2022,inscrit,1,1
166,55,2022-2023,inscrit,1,2
167,55,2023-2024,inscrit,1,3
168,55,2024-2025,inscrit,1,4
169,56,2021-2022,inscrit,1,1
170,56,2022-2023,inscrit,1,2
171,56,2023-2024,inscrit,1,3
172,56,2024-2025,inscrit,1,4
173,57,2020-2021,inscrit,1,1
174,57,2021-2022,inscrit,1,2
175,57,2022-2023,inscrit,1,3
176,57,2023-2024,inscrit,1,4
177,57,2024-2025,inscrit,1,5
178,58,2024-2025,inscrit,1,1
179,59,2020-2021,inscrit,1,1
180,59,2021-2022,inscrit,1,2
181,59,2022-2023,inscrit,1,3
182,59,2023-2024,inscrit,1,4
183,59,2024-2025,inscrit,1,5
184,60,2021-2022,,1,1
185,60,2022-2023,abandonné,1,2
186,60,2023-2024,inscrit,1,3
187,60,2024-2025,inscrit,1,4
188,61,2022-2023,inscrit,1,1
189,61,2023-2024,inscrit,1,2
190,61,2024-2025,inscrit,1,3
191,62,2021-2022,,1,1
192,62,2022-2023,inscrit,1,2
193,62,2023-2024,inscrit,1,3
194,62,2024-2025,inscrit,1,4
195,63,2020-2021,inscrit,1,1
196,63,2021-2022,inscrit,1,2
197,63,2022-2023,inscrit,1,3
198,63,2023-2024,inscrit,1,4
199,63,2024-2025,inscrit,1,5
200,64,2023-2024,inscrit,1,1
201,64,2024-2025,inscrit,1,2
202,65,2022-2023,inscrit,1,1
203,65,2023-2024,inscrit,1,2
204,65,2024-2025,inscrit,1,3
205,66,2022-2023,inscrit,1,1
206,66,2023-2024,inscrit,1,2
207,66,2024-2025,inscrit,1,3
208,67,2024-2025,inscrit,1,1
209,68,2022-2023,inscrit,1,1
210,68,2023-2024,inscrit,1,2
211,68,2024-2025,inscrit,1,3
212,69,2020-2021,inscrit,1,1
213,69,2021-2022,inscrit,1,2
214,69,2022-2023,inscrit,1,3
215,69,2023-2024,inscrit,1,4
216,69,2024-2025,inscrit,1,5
217,70,2022-2023,inscrit,1,1
218,70,2023-2024,inscrit,1,2
219,70,2024-2025,inscrit,1,3
220,71,2023-2024,,1,1
221,71,2024-2025,inscrit,1,2
222,72,2022-2023,inscrit,1,1
223,72,2023-2024,inscrit,1,2
224,72,2024-2025,inscrit,1,3
225,73,2021-2022,inscrit,1,1
226,73,2022-2023,inscrit,1,2
227,73,2023-2024,inscrit,1,3
228,73,2024-2025,inscrit,1,4
229,74,2022-2023,inscrit,1,1
230,74,2023-2024,inscrit,1,2
231,74,2024-2025,inscrit,1,3
232,75,2022-2023,inscrit,1,1
233,75,2023-2024,inscrit,1,2
234,75,2024-2025,inscrit,1,3
235,76,2023-2024,,1,1
236,76,2024-2025,,1,2
237,77,2024-2025,inscrit,1,1
238,78,2022-2023,inscrit,1,1
239,78,2023-2024,inscrit,1,2
240,78,2024-2025,inscrit,1,3
241,79,2024-2025,inscrit,1,1
242,80,2023-2024,inscrit,1,1
243,80,2024-2025,inscrit,1,2
244,81,2021-2022,inscrit,1,1
245,81,2022-2023,inscrit,1,2
246,81,2023-2024,inscrit,1,3
247,81,2024-2025,inscrit,1,4
248,82,2021-2022,inscrit,1,1
249,82,2022-2023,inscrit,1,2
250,82,2023-2024,inscrit,1,3
251,82,2024-2025,inscrit,1,4
252,83,2023-2024,inscrit,1,1
253,83,2024-2025,inscrit,1,2
254,84,2020-2021,inscrit,1,1
255,84,2021-2022,inscrit,1,2
256,84,2022-2023,inscrit,1,3
257,84,2023-2024,inscrit,1,4
258,84,2024-2025,abandonné,1,5
259,85,2021-2022,inscrit,1,1
260,85,2022-2023,inscrit,1,2
261,85,2023-2024,inscrit,1,3
262,85,2024-2025,inscrit,1,4
263,86,2020-2021,inscrit,1,1
264,86,2021-2022,inscrit,1,2
265,86,2022-2023,inscrit,1,3
266,86,2023-2024,inscrit,1,4
267,86,2024-2025,inscrit,1,5
268,87,2022-2023,inscrit,1,1
269,87,2023-2024,inscrit,1,2
270,87,2024-2025,inscrit,1,3
271,88,2023-2024,inscrit,1,1
272,88,2024-2025,inscrit,1,2
273,89,2020-2021,inscrit,1,1
274,89,2021-2022,inscrit,1,2
275,89,2022-2023,inscrit,1,3
276,89,2023-2024,inscrit,1,4
277,89,2024-2025,abandonné,1,5
278,90,2020-2021,inscrit,1,1
279,90,2021-2022,inscrit,1,2
280,90,2022-2023,inscrit,1,3
281,90,2023-2024,,1,4
282,90,2024-2025,inscrit,1,5
283,91,2022-2023,inscrit,1,1
284,91,2023-2024,inscrit,1,2
285,91,2024-2025,inscrit,1,3
286,92,2022-2023,inscrit,1,1
287,92,2023-2024,inscrit,1,2
288,92,2024-2025,inscrit,1,3
289,93,2022-2023,inscrit,1,1
290,93,2023-2024,inscrit,1,2
291,93,2024-2025,inscrit,1,3
292,94,2022-2023,inscrit,1,1
293,94,2023-2024,abandonné,1,2
294,94,2024-2025,inscrit,1,3
295,95,2024-2025,inscrit,1,1
296,96,2020-2021,inscrit,1,1
297,96,2021-2022,inscrit,1,2
298,96,2022-2023,inscrit,1,3
299,96,2023-2024,abandonné,1,4
300,96,2024-2025,inscrit,1,5
301,97,2022-2023,inscrit,1,1
302,97,2023-2024,inscrit,1,2
303,97,2024-2025,inscrit,1,3
304,98,2023-2024,inscrit,1,1
305,98,2024-2025,inscrit,1,2
306,99,2024-2025,inscrit,1,1
307,100,2022-2023,,1,1
308,100,2023-2024,inscrit,1,2
309,100,2024-2025,inscrit,1,3
310,101,2020-2021,inscrit,1,1
311,101,2021-2022,inscrit,1,2
312,101,2022-2023,inscrit,1,3
313,101,2023-2024,inscrit,1,4
314,101,2024-2025,inscrit,1,5
315,102,2023-2024,inscrit,1,1
316,102,2024-2025,inscrit,1,2
317,103,2024-2025,inscrit,1,1
318,104,2022-2023,inscrit,1,1
319,104,2023-2024,inscrit,1,2
320,104,2024-2025,inscrit,1,3
321,105,2020-2021,inscrit,1,1
322,105,2021-2022,inscrit,1,2
323,105,2022-2023,inscrit,1,3
324,105,2023-2024,inscrit,1,4
325,105,2024-2025,inscrit,1,5
326,106,2024-2025,inscrit,1,1
327,107,2024-2025,inscrit,1,1
328,108,2022-2023,inscrit,1,1
329,108,2023-2024,inscrit,1,2
330,108,2024-2025,inscrit,1,3
331,109,2024-2025,inscrit,1,1
332,110,2023-2024,inscrit,1,1
333,110,2024-2025,inscrit,1,2
334,111,2024-2025,inscrit,1,1
335,112,2024-2025,inscrit,1,1
336,113,2023-2024,inscrit,1,1
337,113,2024-2025,inscrit,1,2
338,114,2022-2023,inscrit,1,1
339,114,2023-2024,inscrit,1,2
340,114,2024-2025,inscrit,1,3
341,115,2023-2024,inscrit,1,1
342,115,2024-2025,inscrit,1,2
343,116,2020-2021,inscrit,1,1
344,116,2021-2022,abandonné,1,2
345,116,2022-2023,inscrit,1,3
346,116,2023-2024,inscrit,1,4
347,116,2024-2025,inscrit,1,5
348,117,2023-2024,inscrit,1,1
349,117,2024-2025,inscrit,1,2
350,118,2022-2023,inscrit,1,1
351,118,2023-2024,inscrit,1,2
352,118,2024-2025,inscrit,1,3
353,119,2023-2024,inscrit,1,1
354,119,2024-2025,inscrit,1,2
355,120,2024-2025,inscrit,1,1
356,121,2022-2023,inscrit,1,1
357,121,2023-2024,inscrit,1,2
358,121,2024-2025,inscrit,1,3
359,122,2022-2023,inscrit,1,1
360,122,2023-2024,inscrit,1,2
361,122,2024-2025,inscrit,1,3
362,123,2022-2023,inscrit,1,1
363,123,2023-2024,inscrit,1,2
364,123,2024-2025,inscrit,1,3
365,124,2021-2022,inscrit,1,1
366,124,2022-2023,inscrit,1,2
367,124,2023-2024,inscrit,1,3
368,124,2024-2025,inscrit,1,4
369,125,2023-2024,inscrit,1,1
370,125,2024-2025,inscrit,1,2
371,126,2020-2021,inscrit,1,1
372,126,2021-2022,inscrit,1,2
373,126,2022-2023,abandonné,1,3
374,126,2023-2024,inscrit,1,4
375,126,2024-2025,inscrit,1,5
376,127,2020-2021,inscrit,1,1
377,127,2021-2022,inscrit,1,2
378,127,2022-2023,inscrit,1,3
379,127,2023-2024,inscrit,1,4
380,127,2024-2025,inscrit,1,5
381,128,2022-2023,inscrit,1,1
382,128,2023-2024,inscrit,1,2
383,128,2024-2025,inscrit,1,3
384,129,2022-2023,inscrit,1,1
385,129,2023-2024,,1,2
386,129,2024-2025,inscrit,1,3
387,130,2022-2023,,1,1
388,130,2023-2024,inscrit,1,2
389,130,2024-2025,inscrit,1,3
390,131,2023-2024,inscrit,1,1
391,131,2024-2025,abandonné,1,2
392,132,2023-2024,inscrit,1,1
393,132,2024-2025,inscrit,1,2
394,133,2022-2023,inscrit,1,1
395,133,2023-2024,inscrit,1,2
396,133,2024-2025,abandonné,1,3
397,134,2020-2021,inscrit,1,1
398,134,2021-2022,inscrit,1,2
399,134,2022-2023,inscrit,1,3
400,134,2023-2024,abandonné,1,4
401,134,2024-2025,inscrit,1,5
402,135,2023-2024,inscrit,1,1
403,135,2024-2025,inscrit,1,2
404,136,2024-2025,inscrit,1,1
405,137,2020-2021,,1,1
406,137,2021-2022,inscrit,1,2
407,137,2022-2023,inscrit,1,3
408,137,2023-2024,inscrit,1,4
409,137,2024-2025,inscrit,1,5
410,138,2022-2023,inscrit,1,1
411,138,2023-2024,inscrit,1,2
412,138,2024-2025,inscrit,1,3
413,139,2023-2024,inscrit,1,1
414,139,2024-2025,inscrit,1,2
415,140,2021-2022,inscrit,1,1
416,140,2022-2023,inscrit,1,2
417,140,2023-2024,inscrit,1,3
418,140,2024-2025,inscrit,1,4
419,141,2022-2023,inscrit,1,1
420,141,2023-2024,inscrit,1,2
421,141,2024-2025,inscrit,1,3
422,142,2022-2023,inscrit,1,1
423,142,2023-2024,inscrit,1,2
424,142,2024-2025,inscrit,1,3
425,143,2023-2024,inscrit,1,1
426,143,2024-2025,inscrit,1,2
427,144,2024-2025,inscrit,1,1
428,145,2023-2024,inscrit,1,1
429,145,2024-2025,inscrit,1,2
430,146,2021-2022,inscrit,1,1
431,146,2022-2023,inscrit,1,2
432,146,2023-2024,inscrit,1,3
433,146,2024-2025,inscrit,1,4
434,147,2022-2023,inscrit,1,1
435,147,2023-2024,inscrit,1,2
436,147,2024-2025,inscrit,1,3
437,148,2022-2023,inscrit,1,1
438,148,2023-2024,inscrit,1,2
439,148,2024-2025,inscrit,1,3
440,149,2023-2024,inscrit,1,1
441,149,2024-2025,inscrit,1,2
442,150,2024-2025,inscrit,1,1
443,151,2021-2022,inscrit,1,1
444,151,2022-2023,inscrit,1,2
445,151,2023-2024,inscrit,1,3
446,151,2024-2025,inscrit,1,4
447,152,2024-2025,inscrit,1,1
448,153,2021-2022,inscrit,1,1
449,153,2022-2023,inscrit,1,2
450,153,2023-2024,inscrit,1,3
451,153,2024-2025,inscrit,1,4
452,154,2023-2024,inscrit,1,1
453,154,2024-2025,inscrit,1,2
454,155,2021-2022,inscrit,1,1
455,155,2022-2023,inscrit,1,2
456,155,2023-2024,inscrit,1,3
457,155,2024-2025,inscrit,1,4
458,156,2021-2022,inscrit,1,1
459,156,2022-2023,inscrit,1,2
460,156,2023-2024,inscrit,1,3
461,156,2024-2025,inscrit,1,4
462,157,2022-2023,inscrit,1,1
463,157,2023-2024,inscrit,1,2
464,157,2024-2025,inscrit,1,3
465,158,2022-2023,inscrit,1,1
466,158,2023-2024,inscrit,1,2
467,158,2024-2025,inscrit,1,3
468,159,2022-2023,inscrit,1,1
469,159,2023-2024,,1,2
470,159,2024-2025,inscrit,1,3
471,160,2021-2022,inscrit,1,1
472,160,2022-2023,inscrit,1,2
473,160,2023-2024,inscrit,1,3
474,160,2024-2025,inscrit,1,4
475,161,2023-2024,inscrit,1,1
476,161,2024-2025,inscrit,1,2
477,162,2023-2024,,1,1
478,162,2024-2025,inscrit,1,2
479,163,2021-2022,inscrit,1,1
480,163,2022-2023,,1,2
481,163,2023-2024,inscrit,1,3
482,163,2024-2025,inscrit,1,4
483,164,2021-2022,inscrit,1,1
484,164,2022-2023,inscrit,1,2
485,164,2023-2024,inscrit,1,3
486,164,2024-2025,inscrit,1,4
487,165,2020-2021,inscrit,1,1
488,165,2021-2022,inscrit,1,2
489,165,2022-2023,inscrit,1,3
490,165,2023-2024,,1,4
491,165,2024-2025,inscrit,1,5
492,166,2023-2024,inscrit,1,1
493,166,2024-2025,inscrit,1,2
494,167,2022-2023,inscrit,1,1
495,167,2023-2024,inscrit,1,2
496,167,2024-2025,inscrit,1,3
497,168,2022-2023,inscrit,1,1
498,168,2023-2024,inscrit,1,2
499,168,2024-2025,inscrit,1,3
500,169,2024-2025,inscrit,1,1
501,170,2024-2025,inscrit,1,1
502,171,2020-2021,inscrit,1,1
503,171,2021-2022,inscrit,1,2
504,171,2022-2023,abandonné,1,3
505,171,2023-2024,inscrit,1,4
506,171,2024-2025,inscrit,1,5
507,172,2023-2024,inscrit,1,1
508,172,2024-2025,inscrit,1,2
509,173,2023-2024,inscrit,1,1
510,173,2024-2025,inscrit,1,2
511,174,2021-2022,inscrit,1,1
512,174,2022-2023,inscrit,1,2
513,174,2023-2024,inscrit,1,3
514,174,2024-2025,inscrit,1,4
515,175,2020-2021,inscrit,1,1
516,175,2021-2022,inscrit,1,2
517,175,2022-2023,inscrit,1,3
518,175,2023-2024,inscrit,1,4
519,175,2024-2025,inscrit,1,5
520,176,2022-2023,inscrit,1,1
521,176,2023-2024,inscrit,1,2
522,176,2024-2025,inscrit,1,3
523,177,2022-2023,inscrit,1,1
524,177,2023-2024,inscrit,1,2
525,177,2024-2025,inscrit,1,3
526,178,2023-2024,inscrit,1,1
527,178,2024-2025,inscrit,1,2
528,179,2023-2024,inscrit,1,1
529,179,2024-2025,inscrit,1,2
530,180,2020-2021,inscrit,1,1
531,180,2021-2022,inscrit,1,2
532,180,2022-2023,,1,3
533,180,2023-2024,inscrit,1,4
534,180,2024-2025,inscrit,1,5
535,181,2023-2024,inscrit,1,1
536,181,2024-2025,inscrit,1,2
537,182,2021-2022,inscrit,1,1
538,182,2022-2023,inscrit,1,2
539,182,2023-2024,inscrit,1,3
540,182,2024-2025,inscrit,1,4
541,183,2023-2024,inscrit,1,1
542,183,2024-2025,inscrit,1,2
543,184,2024-2025,inscrit,1,1
544,185,2024-2025,inscrit,1,1
545,186,2023-2024,inscrit,1,1
546,186,2024-2025,inscrit,1,2
547,187,2024-2025,inscrit,1,1
548,188,2022-2023,inscrit,1,1
549,188,2023-2024,inscrit,1,2
550,188,2024-2025,inscrit,1,3
551,189,2020-2021,inscrit,1,1
552,189,2021-2022,inscrit,1,2
553,189,2022-2023,inscrit,1,3
554,189,2023-2024,inscrit,1,4
555,189,2024-2025,inscrit,1,5
556,190,2021-2022,inscrit,1,1
557,190,2022-2023,inscrit,1,2
558,190,2023-2024,abandonné,1,3
559,190,2024-2025,abandonné,1,4
560,191,2024-2025,inscrit,1,1
561,192,2022-2023,inscrit,1,1
562,192,2023-2024,inscrit,1,2
563,192,2024-2025,,1,3
564,193,2020-2021,inscrit,1,1
565,193,2021-2022,inscrit,1,2
566,193,2022-2023,inscrit,1,3
567,193,2023-2024,inscrit,1,4
568,193,2024-2025,inscrit,1,5
569,194,2020-2021,inscrit,1,1
570,194,2021-2022,inscrit,1,2
571,194,2022-2023,inscrit,1,3
572,194,2023-2024,inscrit,1,4
573,194,2024-2025,inscrit,1,5
574,195,2021-2022,inscrit,1,1
575,195,2022-2023,inscrit,1,2
576,195,2023-2024,abandonné,1,3
577,195,2024-2025,inscrit,1,4
578,196,2023-2024,inscrit,1,1
579,196,2024-2025,inscrit,1,2
580,197,2023-2024,inscrit,1,1
581,197,2024-2025,inscrit,1,2
582,198,2022-2023,inscrit,1,1
583,198,2023-2024,inscrit,1,2
584,198,2024-2025,inscrit,1,3
585,199,2022-2023,inscrit,1,1
586,199,2023-2024,inscrit,1,2
587,199,2024-2025,inscrit,1,3
588,200,2022-2023,inscrit,1,1
589,200,2023-2024,inscrit,1,2
590,200,2024-2025,inscrit,1,3
591,201,2021-2022,inscrit,1,1
592,201,2022-2023,inscrit,1,2
593,201,2023-2024,inscrit,1,3
594,201,2024-2025,inscrit,1,4
595,202,2021-2022,inscrit,1,1
596,202,2022-2023,inscrit,1,2
597,202,2023-2024,inscrit,1,3
598,202,2024-2025,inscrit,1,4
599,203,2024-2025,inscrit,1,1
600,204,2022-2023,inscrit,1,1
601,204,2023-2024,inscrit,1,2
602,204,2024-2025,inscrit,1,3
603,205,2020-2021,inscrit,1,1
604,205,2021-2022,inscrit,1,2
605,205,2022-2023,inscrit,1,3
606,205,2023-2024,inscrit,1,4
607,205,2024-2025,inscrit,1,5
608,206,2024-2025,inscrit,1,1
609,207,2022-2023,,1,1
610,207,2023-2024,inscrit,1,2
611,207,2024-2025,inscrit,1,3
612,208,2022-2023,inscrit,1,1
613,208,2023-2024,inscrit,1,2
614,208,2024-2025,inscrit,1,3
615,209,2024-2025,inscrit,1,1
616,210,2021-2022,inscrit,1,1
617,210,2022-2023,inscrit,1,2
618,210,2023-2024,inscrit,1,3
619,210,2024-2025,inscrit,1,4
620,211,2020-2021,inscrit,1,1
621,211,2021-2022,inscrit,1,2
622,211,2022-2023,abandonné,1,3
623,211,2023-2024,,1,4
624,211,2024-2025,abandonné,1,5
625,212,2021-2022,inscrit,1,1
626,212,2022-2023,inscrit,1,2
627,212,2023-2024,inscrit,1,3
628,212,2024-2025,inscrit,1,4
629,213,2024-2025,inscrit,1,1
630,214,2021-2022,inscrit,1,1
631,214,2022-2023,inscrit,1,2
632,214,2023-2024,inscrit,1,3
633,214,2024-2025,inscrit,1,4
634,215,2022-2023,inscrit,1,1
635,215,2023-2024,inscrit,1,2
636,215,2024-2025,inscrit,1,3
637,216,2020-2021,inscrit,1,1
638,216,2021-2022,abandonné,1,2
639,216,2022-2023,inscrit,1,3
640,216,2023-2024,,1,4
641,216,2024-2025,inscrit,1,5
642,217,2022-2023,inscrit,1,1
643,217,2023-2024,inscrit,1,2
644,217,2024-2025,inscrit,1,3
645,218,2022-2023,,1,1
646,218,2023-2024,inscrit,1,2
647,218,2024-2025,inscrit,1,3
648,219,2023-2024,inscrit,1,1
649,219,2024-2025,abandonné,1,2
650,220,2023-2024,inscrit,1,1
651,220,2024-2025,inscrit,1,2
652,221,2022-2023,inscrit,1,1
653,221,2023-2024,inscrit,1,2
654,221,2024-2025,inscrit,1,3
655,222,2021-2022,inscrit,1,1
656,222,2022-2023,inscrit,1,2
657,222,2023-2024,,1,3
658,222,2024-2025,abandonné,1,4
659,223,2020-2021,inscrit,1,1
660,223,2021-2022,inscrit,1,2
661,223,2022-2023,inscrit,1,3
662,223,2023-2024,inscrit,1,4
663,223,2024-2025,inscrit,1,5
664,224,2023-2024,inscrit,1,1
665,224,2024-2025,inscrit,1,2
666,225,2021-2022,inscrit,1,1
667,225,2022-2023,inscrit,1,2
668,225,2023-2024,inscrit,1,3
669,225,2024-2025,inscrit,1,4
670,226,2020-2021,inscrit,1,1
671,226,2021-2022,inscrit,1,2
672,226,2022-2023,inscrit,1,3
673,226,2023-2024,inscrit,1,4
674,226,2024-2025,inscrit,1,5
675,227,2020-2021,inscrit,1,1
676,227,2021-2022,,1,2
677,227,2022-2023,inscrit,1,3
678,227,2023-2024,inscrit,1,4
679,227,2024-2025,inscrit,1,5
680,228,2020-2021,inscrit,1,1
681,228,2021-2022,inscrit,1,2
682,228,2022-2023,inscrit,1,3
683,228,2023-2024,abandonné,1,4
684,228,2024-2025,inscrit,1,5
685,229,2020-2021,inscrit,1,1
686,229,2021-2022,inscrit,1,2
687,229,2022-2023,inscrit,1,3
688,229,2023-2024,inscrit,1,4
689,229,2024-2025,,1,5
690,230,2020-2021,inscrit,1,1
691,230,2021-2022,inscrit,1,2
692,230,2022-2023,inscrit,1,3
693,230,2023-2024,abandonné,1,4
694,230,2024-2025,inscrit,1,5
695,231,2023-2024,inscrit,1,1
696,231,2024-2025,inscrit,1,2
697,232,2020-2021,inscrit,1,1
698,232,2021-2022,inscrit,1,2
699,232,2022-2023,inscrit,1,3
700,232,2023-2024,abandonné,1,4
701,232,2024-2025,inscrit,1,5
702,233,2020-2021,inscrit,1,1
703,233,2021-2022,inscrit,1,2
704,233,2022-2023,inscrit,1,3
705,233,2023-2024,inscrit,1,4
706,233,2024-2025,inscrit,1,5
707,234,2022-2023,inscrit,1,1
708,234,2023-2024,inscrit,1,2
709,234,2024-2025,inscrit,1,3
710,235,2024-2025,inscrit,1,1
711,236,2022-2023,inscrit,1,1
712,236,2023-2024,inscrit,1,2
713,236,2024-2025,inscrit,1,3
714,237,2022-2023,inscrit,1,1
715,237,2023-2024,inscrit,1,2
716,237,2024-2025,inscrit,1,3
717,238,2023-2024,inscrit,1,1
718,238,2024-2025,inscrit,1,2
719,239,2022-2023,inscrit,1,1
720,239,2023-2024,abandonné,1,2
721,239,2024-2025,inscrit,1,3
722,240,2022-2023,inscrit,1,1
723,240,2023-2024,abandonné,1,2
724,240,2024-2025,inscrit,1,3
725,241,2021-2022,inscrit,1,1
726,241,2022-2023,inscrit,1,2
727,241,2023-2024,inscrit,1,3
728,241,2024-2025,,1,4
729,242,2021-2022,inscrit,1,1
730,242,2022-2023,inscrit,1,2
731,242,2023-2024,inscrit,1,3
732,242,2024-2025,inscrit,1,4
733,243,2021-2022,inscrit,1,1
734,243,2022-2023,inscrit,1,2
735,243,2023-2024,inscrit,1,3
736,243,2024-2025,inscrit,1,4
737,244,2023-2024,inscrit,1,1
738,244,2024-2025,inscrit,1,2
739,245,2024-2025,inscrit,1,1
740,246,2024-2025,inscrit,1,1
741,247,2023-2024,inscrit,1,1
742,247,2024-2025,inscrit,1,2
743,248,2023-2024,inscrit,1,1
744,248,2024-2025,inscrit,1,2
745,249,2024-2025,inscrit,1,1
746,250,2021-2022,inscrit,1,1
747,250,2022-2023,inscrit,1,2
748,250,2023-2024,inscrit,1,3
749,250,2024-2025,abandonné,1,4
750,251,2023-2024,inscrit,1,1
751,251,2024-2025,inscrit,1,2
752,252,2021-2022,inscrit,1,1
753,252,2022-2023,inscrit,1,2
754,252,2023-2024,inscrit,1,3
755,252,2024-2025,inscrit,1,4
756,253,2024-2025,inscrit,1,1
757,254,2020-2021,inscrit,1,1
758,254,2021-2022,inscrit,1,2
759,254,2022-2023,inscrit,1,3
760,254,2023-2024,inscrit,1,4
761,254,2024-2025,inscrit,1,5
762,255,2023-2024,inscrit,1,1
763,255,2024-2025,inscrit,1,2
764,256,2020-2021,inscrit,1,1
765,256,2021-2022,inscrit,1,2
766,256,2022-2023,inscrit,1,3
767,256,2023-2024,inscrit,1,4
768,256,2024-2025,abandonné,1,5
769,257,2020-2021,inscrit,1,1
770,257,2021-2022,inscrit,1,2
771,257,2022-2023,inscrit,1,3
772,257,2023-2024,inscrit,1,4
773,257,2024-2025,inscrit,1,5
774,258,2023-2024,inscrit,1,1
775,258,2024-2025,inscrit,1,2
776,259,2023-2024,inscrit,1,1
777,259,2024-2025,abandonné,1,2
778,260,2020-2021,inscrit,1,1
779,260,2021-2022,inscrit,1,2
780,260,2022-2023,inscrit,1,3
781,260,2023-2024,inscrit,1,4
782,260,2024-2025,inscrit,1,5
783,261,2024-2025,inscrit,2,1
784,262,2021-2022,inscrit,2,1
785,262,2022-2023,inscrit,2,2
786,262,2023-2024,inscrit,2,3
787,262,2024-2025,inscrit,2,4
788,263,2024-2025,inscrit,2,1
789,264,2023-2024,inscrit,2,1
790,264,2024-2025,inscrit,2,2
791,265,2023-2024,inscrit,2,1
792,265,2024-2025,inscrit,2,2
793,266,2023-2024,inscrit,2,1
794,266,2024-2025,inscrit,2,2
795,267,2021-2022,inscrit,2,1
796,267,2022-2023,abandonné,2,2
797,267,2023-2024,inscrit,2,3
798,267,2024-2025,abandonné,2,4
799,268,2023-2024,inscrit,2,1
800,268,2024-2025,inscrit,2,2
801,269,2022-2023,inscrit,2,1
802,269,2023-2024,inscrit,2,2
803,269,2024-2025,inscrit,2,3
804,270,2020-2021,inscrit,2,1
805,270,2021-2022,inscrit,2,2
806,270,2022-2023,inscrit,2,3
807,270,2023-2024,inscrit,2,4
808,270,2024-2025,abandonné,2,5
809,271,2022-2023,inscrit,2,1
810,271,2023-2024,inscrit,2,2
811,271,2024-2025,inscrit,2,3
812,272,2023-2024,inscrit,2,1
813,272,2024-2025,inscrit,2,2
814,273,2021-2022,inscrit,2,1
815,273,2022-2023,inscrit,2,2
816,273,2023-2024,inscrit,2,3
817,273,2024-2025,inscrit,2,4
818,274,2023-2024,inscrit,2,1
819,274,2024-2025,,2,2
820,275,2021-2022,inscrit,2,1
821,275,2022-2023,inscrit,2,2
822,275,2023-2024,inscrit,2,3
823,275,2024-2025,inscrit,2,4
824,276,2022-2023,inscrit,2,1
825,276,2023-2024,inscrit,2,2
826,276,2024-2025,inscrit,2,3
827,277,2022-2023,,2,1
828,277,2023-2024,inscrit,2,2
829,277,2024-2025,inscrit,2,3
830,278,2021-2022,inscrit,2,1
831,278,2022-2023,inscrit,2,2
832,278,2023-2024,,2,3
833,278,2024-2025,abandonné,2,4
834,279,2023-2024,inscrit,2,1
835,279,2024-2025,inscrit,2,2
836,280,2023-2024,inscrit,2,1
837,280,2024-2025,inscrit,2,2
838,281,2022-2023,inscrit,2,1
839,281,2023-2024,inscrit,2,2
840,281,2024-2025,inscrit,2,3
841,282,2020-2021,,2,1
842,282,2021-2022,inscrit,2,2
843,282,2022-2023,inscrit,2,3
844,282,2023-2024,inscrit,2,4
845,282,2024-2025,inscrit,2,5
846,283,2021-2022,inscrit,2,1
847,283,2022-2023,inscrit,2,2
848,283,2023-2024,,2,3
849,283,2024-2025,inscrit,2,4
850,284,2022-2023,inscrit,2,1
851,284,2023-2024,inscrit,2,2
852,284,2024-2025,inscrit,2,3
853,285,2023-2024,,2,1
854,285,2024-2025,inscrit,2,2
855,286,2022-2023,inscrit,2,1
856,286,2023-2024,inscrit,2,2
857,286,2024-2025,inscrit,2,3
858,287,2024-2025,inscrit,2,1
859,288,2022-2023,inscrit,2,1
860,288,2023-2024,inscrit,2,2
861,288,2024-2025,inscrit,2,3
862,289,2024-2025,inscrit,2,1
863,290,2022-2023,inscrit,2,1
864,290,2023-2024,inscrit,2,2
865,290,2024-2025,inscrit,2,3
866,291,2023-2024,inscrit,2,1
867,291,2024-2025,,2,2
868,292,2020-2021,inscrit,2,1
869,292,2021-2022,inscrit,2,2
870,292,2022-2023,inscrit,2,3
871,292,2023-2024,inscrit,2,4
872,292,2024-2025,inscrit,2,5
873,293,2022-2023,inscrit,2,1
874,293,2023-2024,inscrit,2,2
875,293,2024-2025,inscrit,2,3
876,294,2022-2023,inscrit,2,1
877,294,2023-2024,inscrit,2,2
878,294,2024-2025,inscrit,2,3
879,295,2023-2024,inscrit,2,1
880,295,2024-2025,inscrit,2,2
881,296,2020-2021,inscrit,2,1
882,296,2021-2022,inscrit,2,2
883,296,2022-2023,inscrit,2,3
884,296,2023-2024,inscrit,2,4
885,296,2024-2025,inscrit,2,5
886,297,2022-2023,inscrit,2,1
887,297,2023-2024,inscrit,2,2
888,297,2024-2025,inscrit,2,3
889,298,2022-2023,inscrit,2,1
890,298,2023-2024,inscrit,2,2
891,298,2024-2025,inscrit,2,3
892,299,2024-2025,inscrit,2,1
893,300,2021-2022,inscrit,2,1
894,300,2022-2023,inscrit,2,2
895,300,2023-2024,inscrit,2,3
896,300,2024-2025,inscrit,2,4
897,301,2021-2022,inscrit,2,1
898,301,2022-2023,inscrit,2,2
899,301,2023-2024,inscrit,2,3
900,301,2024-2025,inscrit,2,4
901,302,2023-2024,inscrit,2,1
902,302,2024-2025,inscrit,2,2
903,303,2020-2021,inscrit,2,1
904,303,2021-2022,inscrit,2,2
905,303,2022-2023,inscrit,2,3
906,303,2023-2024,inscrit,2,4
907,303,2024-2025,,2,5
908,304,2024-2025,inscrit,2,1
909,305,2022-2023,inscrit,2,1
910,305,2023-2024,inscrit,2,2
911,305,2024-2025,inscrit,2,3
912,306,2022-2023,inscrit,2,1
913,306,2023-2024,abandonné,2,2
914,306,2024-2025,abandonné,2,3
915,307,2024-2025,inscrit,2,1
916,308,2024-2025,inscrit,2,1
917,309,2024-2025,inscrit,2,1
918,310,2020-2021,inscrit,2,1
919,310,2021-2022,inscrit,2,2
920,310,2022-2023,inscrit,2,3
921,310,2023-2024,inscrit,2,4
922,310,2024-2025,inscrit,2,5
923,311,2022-2023,inscrit,2,1
924,311,2023-2024,inscrit,2,2
925,311,2024-2025,inscrit,2,3
926,312,2022-2023,inscrit,2,1
927,312,2023-2024,inscrit,2,2
928,312,2024-2025,inscrit,2,3
929,313,2022-2023,inscrit,2,1
930,313,2023-2024,abandonné,2,2
931,313,2024-2025,inscrit,2,3
932,314,2020-2021,inscrit,2,1
933,314,2021-2022,inscrit,2,2
934,314,2022-2023,inscrit,2,3
935,314,2023-2024,inscrit,2,4
936,314,2024-2025,inscrit,2,5
937,315,2024-2025,inscrit,2,1
938,316,2022-2023,inscrit,2,1
939,316,2023-2024,inscrit,2,2
940,316,2024-2025,inscrit,2,3
941,317,2023-2024,inscrit,2,1
942,317,2024-2025,inscrit,2,2
943,318,2023-2024,inscrit,2,1
944,318,2024-2025,inscrit,2,2
945,319,2020-2021,inscrit,2,1
946,319,2021-2022,inscrit,2,2
947,319,2022-2023,inscrit,2,3
948,319,2023-2024,inscrit,2,4
949,319,2024-2025,inscrit,2,5
950,320,2024-2025,inscrit,2,1
951,321,2023-2024,inscrit,2,1
952,321,2024-2025,inscrit,2,2
953,322,2023-2024,inscrit,2,1
954,322,2024-2025,inscrit,2,2
955,323,2024-2025,inscrit,2,1
956,324,2023-2024,inscrit,2,1
957,324,2024-2025,inscrit,2,2
958,325,2022-2023,,2,1
959,325,2023-2024,inscrit,2,2
960,325,2024-2025,inscrit,2,3
961,326,2023-2024,inscrit,2,1
962,326,2024-2025,inscrit,2,2
963,327,2022-2023,inscrit,2,1
964,327,2023-2024,inscrit,2,2
965,327,2024-2025,inscrit,2,3
966,328,2020-2021,inscrit,2,1
967,328,2021-2022,inscrit,2,2
968,328,2022-2023,inscrit,2,3
969,328,2023-2024,inscrit,2,4
970,328,2024-2025,inscrit,2,5
971,329,2023-2024,inscrit,2,1
972,329,2024-2025,inscrit,2,2
973,330,2021-2022,inscrit,2,1
974,330,2022-2023,inscrit,2,2
975,330,2023-2024,inscrit,2,3
976,330,2024-2025,inscrit,2,4
977,331,2023-2024,inscrit,2,1
978,331,2024-2025,inscrit,2,2
979,332,2021-2022,inscrit,2,1
980,332,2022-2023,inscrit,2,2
981,332,2023-2024,inscrit,2,3
982,332,2024-2025,inscrit,2,4
983,333,2020-2021,,2,1
984,333,2021-2022,inscrit,2,2
985,333,2022-2023,inscrit,2,3
986,333,2023-2024,inscrit,2,4
987,333,2024-2025,inscrit,2,5
988,334,2024-2025,inscrit,2,1
989,335,2024-2025,inscrit,2,1
990,336,2020-2021,inscrit,2,1
991,336,2021-2022,inscrit,2,2
992,336,2022-2023,inscrit,2,3
993,336,2023-2024,inscrit,2,4
994,336,2024-2025,inscrit,2,5
995,337,2021-2022,inscrit,2,1
996,337,2022-2023,,2,2
997,337,2023-2024,inscrit,2,3
998,337,2024-2025,inscrit,2,4
999,338,2021-2022,,2,1
1000,338,2022-2023,inscrit,2,2
1001,338,2023-2024,inscrit,2,3
1002,338,2024-2025,inscrit,2,4
1003,339,2024-2025,,2,1
1004,340,2024-2025,inscrit,2,1
1005,341,2024-2025,inscrit,2,1
1006,342,2022-2023,inscrit,2,1
1007,342,2023-2024,abandonné,2,2
1008,342,2024-2025,inscrit,2,3
1009,343,2022-2023,inscrit,2,1
1010,343,2023-2024,inscrit,2,2
1011,343,2024-2025,inscrit,2,3
1012,344,2020-2021,inscrit,2,1
1013,344,2021-2022,inscrit,2,2
1014,344,2022-2023,inscrit,2,3
1015,344,2023-2024,inscrit,2,4
1016,344,2024-2025,inscrit,2,5
1017,345,2023-2024,inscrit,2,1
1018,345,2024-2025,inscrit,2,2
1019,346,2021-2022,inscrit,2,1
1020,346,2022-2023,inscrit,2,2
1021,346,2023-2024,inscrit,2,3
1022,346,2024-2025,inscrit,2,4
1023,347,2020-2021,inscrit,2,1
1024,347,2021-2022,inscrit,2,2
1025,347,2022-2023,inscrit,2,3
1026,347,2023-2024,inscrit,2,4
1027,347,2024-2025,inscrit,2,5
1028,348,2024-2025,inscrit,2,1
1029,349,2022-2023,inscrit,2,1
1030,349,2023-2024,inscrit,2,2
1031,349,2024-2025,inscrit,2,3
1032,350,2021-2022,inscrit,2,1
1033,350,2022-2023,inscrit,2,2
1034,350,2023-2024,inscrit,2,3
1035,350,2024-2025,inscrit,2,4
1036,351,2021-2022,inscrit,2,1
1037,351,2022-2023,abandonné,2,2
1038,351,2023-2024,,2,3
1039,351,2024-2025,inscrit,2,4
1040,352,2021-2022,inscrit,2,1
1041,352,2022-2023,inscrit,2,2
1042,352,2023-2024,inscrit,2,3
1043,352,2024-2025,inscrit,2,4
1044,353,2021-2022,inscrit,2,1
1045,353,2022-2023,inscrit,2,2
1046,353,2023-2024,inscrit,2,3
1047,353,2024-2025,inscrit,2,4
1048,354,2020-2021,inscrit,2,1
1049,354,2021-2022,inscrit,2,2
1050,354,2022-2023,inscrit,2,3
1051,354,2023-2024,inscrit,2,4
1052,354,2024-2025,inscrit,2,5
1053,355,2024-2025,inscrit,2,1
1054,356,2024-2025,,2,1
1055,357,2020-2021,inscrit,2,1
1056,357,2021-2022,inscrit,2,2
1057,357,2022-2023,inscrit,2,3
1058,357,2023-2024,inscrit,2,4
1059,357,2024-2025,inscrit,2,5
1060,358,2022-2023,inscrit,2,1
1061,358,2023-2024,inscrit,2,2
1062,358,2024-2025,,2,3
1063,359,2020-2021,inscrit,2,1
1064,359,2021-2022,inscrit,2,2
1065,359,2022-2023,inscrit,2,3
1066,359,2023-2024,inscrit,2,4
1067,359,2024-2025,inscrit,2,5
1068,360,2020-2021,inscrit,2,1
1069,360,2021-2022,inscrit,2,2
1070,360,2022-2023,inscrit,2,3
1071,360,2023-2024,inscrit,2,4
1072,360,2024-2025,inscrit,2,5
1073,361,2024-2025,inscrit,2,1
1074,362,2022-2023,inscrit,2,1
1075,362,2023-2024,inscrit,2,2
1076,362,2024-2025,inscrit,2,3
1077,363,2024-2025,inscrit,2,1
1078,364,2023-2024,inscrit,2,1
1079,364,2024-2025,inscrit,2,2
1080,365,2022-2023,inscrit,2,1
1081,365,2023-2024,inscrit,2,2
1082,365,2024-2025,inscrit,2,3
1083,366,2020-2021,inscrit,2,1
1084,366,2021-2022,inscrit,2,2
1085,366,2022-2023,,2,3
1086,366,2023-2024,abandonné,2,4
1087,366,2024-2025,inscrit,2,5
1088,367,2021-2022,inscrit,2,1
1089,367,2022-2023,inscrit,2,2
1090,367,2023-2024,inscrit,2,3
1091,367,2024-2025,,2,4
1092,368,2020-2021,inscrit,2,1
1093,368,2021-2022,inscrit,2,2
1094,368,2022-2023,inscrit,2,3
1095,368,2023-2024,inscrit,2,4
1096,368,2024-2025,,2,5
1097,369,2020-2021,inscrit,2,1
1098,369,2021-2022,,2,2
1099,369,2022-2023,inscrit,2,3
1100,369,2023-2024,inscrit,2,4
1101,369,2024-2025,inscrit,2,5
1102,370,2023-2024,inscrit,2,1
1103,370,2024-2025,inscrit,2,2
1104,371,2024-2025,inscrit,2,1
1105,372,2022-2023,inscrit,2,1
1106,372,2023-2024,inscrit,2,2
1107,372,2024-2025,inscrit,2,3
1108,373,2021-2022,inscrit,2,1
1109,373,2022-2023,inscrit,2,2
1110,373,2023-2024,inscrit,2,3
1111,373,2024-2025,inscrit,2,4
1112,374,2021-2022,inscrit,2,1
1113,374,2022-2023,inscrit,2,2
1114,374,2023-2024,inscrit,2,3
1115,374,2024-2025,inscrit,2,4
1116,375,2020-2021,inscrit,2,1
1117,375,2021-2022,inscrit,2,2
1118,375,2022-2023,inscrit,2,3
1119,375,2023-2024,inscrit,2,4
1120,375,2024-2025,inscrit,2,5
1121,376,2020-2021,inscrit,2,1
1122,376,2021-2022,inscrit,2,2
1123,376,2022-2023,inscrit,2,3
1124,376,2023-2024,inscrit,2,4
1125,376,2024-2025,inscrit,2,5
1126,377,2022-2023,inscrit,2,1
1127,377,2023-2024,inscrit,2,2
1128,377,2024-2025,inscrit,2,3
1129,378,2020-2021,inscrit,2,1
1130,378,2021-2022,inscrit,2,2
1131,378,2022-2023,inscrit,2,3
1132,378,2023-2024,abandonné,2,4
1133,378,2024-2025,,2,5
1134,379,2020-2021,inscrit,2,1
1135,379,2021-2022,inscrit,2,2
1136,379,2022-2023,inscrit,2,3
1137,379,2023-2024,inscrit,2,4
1138,379,2024-2025,inscrit,2,5
1139,380,2024-2025,inscrit,2,1
1140,381,2021-2022,inscrit,2,1
1141,381,2022-2023,inscrit,2,2
1142,381,2023-2024,inscrit,2,3
1143,381,2024-2025,inscrit,2,4
1144,382,2022-2023,,2,1
1145,382,2023-2024,inscrit,2,2
1146,382,2024-2025,inscrit,2,3
1147,383,2022-2023,inscrit,2,1
1148,383,2023-2024,inscrit,2,2
1149,383,2024-2025,inscrit,2,3
1150,384,2021-2022,inscrit,2,1
1151,384,2022-2023,inscrit,2,2
1152,384,2023-2024,inscrit,2,3
1153,384,2024-2025,inscrit,2,4
1154,385,2023-2024,inscrit,2,1
1155,385,2024-2025,inscrit,2,2
1156,386,2024-2025,inscrit,2,1
1157,387,2023-2024,inscrit,2,1
1158,387,2024-2025,inscrit,2,2
1159,388,2024-2025,inscrit,2,1
1160,389,2023-2024,inscrit,2,1
1161,389,2024-2025,inscrit,2,2
1162,390,2023-2024,inscrit,2,1
1163,390,2024-2025,inscrit,2,2
1164,391,2024-2025,inscrit,2,1
1165,392,2024-2025,inscrit,2,1
1166,393,2022-2023,inscrit,2,1
1167,393,2023-2024,,2,2
1168,393,2024-2025,inscrit,2,3
1169,394,2023-2024,,2,1
1170,394,2024-2025,inscrit,2,2
1171,395,2023-2024,inscrit,2,1
1172,395,2024-2025,inscrit,2,2
1173,396,2021-2022,inscrit,2,1
1174,396,2022-2023,inscrit,2,2
1175,396,2023-2024,inscrit,2,3
1176,396,2024-2025,inscrit,2,4
1177,397,2023-2024,inscrit,2,1
1178,397,2024-2025,inscrit,2,2
1179,398,2023-2024,inscrit,2,1
1180,398,2024-2025,inscrit,2,2
1181,399,2024-2025,inscrit,2,1
1182,400,2024-2025,inscrit,2,1
1183,401,2023-2024,inscrit,2,1
1184,401,2024-2025,inscrit,2,2
1185,402,2022-2023,inscrit,2,1
1186,402,2023-2024,inscrit,2,2
1187,402,2024-2025,inscrit,2,3
1188,403,2021-2022,inscrit,2,1
1189,403,2022-2023,inscrit,2,2
1190,403,2023-2024,inscrit,2,3
1191,403,2024-2025,inscrit,2,4
1192,404,2023-2024,inscrit,2,1
1193,404,2024-2025,inscrit,2,2
1194,405,2023-2024,inscrit,2,1
1195,405,2024-2025,inscrit,2,2
1196,406,2022-2023,inscrit,2,1
1197,406,2023-2024,inscrit,2,2
1198,406,2024-2025,inscrit,2,3
1199,407,2023-2024,inscrit,2,1
1200,407,2024-2025,inscrit,2,2
1201,408,2024-2025,inscrit,2,1
1202,409,2024-2025,inscrit,2,1
1203,410,2023-2024,inscrit,2,1
1204,410,2024-2025,inscrit,2,2
1205,411,2023-2024,inscrit,2,1
1206,411,2024-2025,inscrit,2,2
1207,412,2023-2024,inscrit,2,1
1208,412,2024-2025,abandonné,2,2
1209,413,2022-2023,inscrit,2,1
1210,413,2023-2024,inscrit,2,2
1211,413,2024-2025,inscrit,2,3
1212,414,2022-2023,inscrit,2,1
1213,414,2023-2024,inscrit,2,2
1214,414,2024-2025,,2,3
1215,415,2022-2023,inscrit,2,1
1216,415,2023-2024,inscrit,2,2
1217,415,2024-2025,inscrit,2,3
1218,416,2021-2022,inscrit,2,1
1219,416,2022-2023,inscrit,2,2
1220,416,2023-2024,inscrit,2,3
1221,416,2024-2025,inscrit,2,4
1222,417,2024-2025,inscrit,2,1
1223,418,2024-2025,,2,1
1224,419,2023-2024,inscrit,2,1
1225,419,2024-2025,inscrit,2,2
1226,420,2021-2022,inscrit,2,1
1227,420,2022-2023,inscrit,2,2
1228,420,2023-2024,abandonné,2,3
1229,420,2024-2025,inscrit,2,4
1230,421,2022-2023,inscrit,2,1
1231,421,2023-2024,inscrit,2,2
1232,421,2024-2025,inscrit,2,3
1233,422,2023-2024,inscrit,2,1
1234,422,2024-2025,,2,2
1235,423,2023-2024,inscrit,2,1
1236,423,2024-2025,inscrit,2,2
1237,424,2020-2021,inscrit,2,1
1238,424,2021-2022,inscrit,2,2
1239,424,2022-2023,inscrit,2,3
1240,424,2023-2024,inscrit,2,4
1241,424,2024-2025,abandonné,2,5
1242,425,2020-2021,inscrit,2,1
1243,425,2021-2022,inscrit,2,2
1244,425,2022-2023,inscrit,2,3
1245,425,2023-2024,inscrit,2,4
1246,425,2024-2025,inscrit,2,5
1247,426,2020-2021,inscrit,2,1
1248,426,2021-2022,inscrit,2,2
1249,426,2022-2023,inscrit,2,3
1250,426,2023-2024,inscrit,2,4
1251,426,2024-2025,inscrit,2,5
1252,427,2023-2024,inscrit,2,1
1253,427,2024-2025,inscrit,2,2
1254,428,2022-2023,inscrit,2,1
1255,428,2023-2024,inscrit,2,2
1256,428,2024-2025,inscrit,2,3
1257,429,2023-2024,inscrit,2,1
1258,429,2024-2025,inscrit,2,2
1259,430,2024-2025,,2,1
1260,431,2024-2025,inscrit,2,1
1261,432,2023-2024,inscrit,2,1
1262,432,2024-2025,inscrit,2,2
1263,433,2023-2024,inscrit,2,1
1264,433,2024-2025,abandonné,2,2
1265,434,2023-2024,inscrit,2,1
1266,434,2024-2025,inscrit,2,2
1267,435,2023-2024,inscrit,2,1
1268,435,2024-2025,inscrit,2,2
1269,436,2021-2022,inscrit,2,1
1270,436,2022-2023,inscrit,2,2
1271,436,2023-2024,inscrit,2,3
1272,436,2024-2025,inscrit,2,4
1273,437,2023-2024,inscrit,2,1
1274,437,2024-2025,inscrit,2,2
1275,438,2021-2022,inscrit,2,1
1276,438,2022-2023,inscrit,2,2
1277,438,2023-2024,inscrit,2,3
1278,438,2024-2025,inscrit,2,4
1279,439,2022-2023,inscrit,2,1
1280,439,2023-2024,abandonné,2,2
1281,439,2024-2025,inscrit,2,3
1282,440,2022-2023,inscrit,2,1
1283,440,2023-2024,inscrit,2,2
1284,440,2024-2025,inscrit,2,3
1285,441,2022-2023,inscrit,2,1
1286,441,2023-2024,inscrit,2,2
1287,441,2024-2025,inscrit,2,3
1288,442,2024-2025,inscrit,2,1
1289,443,2024-2025,,2,1
1290,444,2020-2021,inscrit,2,1
1291,444,2021-2022,inscrit,2,2
1292,444,2022-2023,inscrit,2,3
1293,444,2023-2024,inscrit,2,4
1294,444,2024-2025,inscrit,2,5
1295,445,2020-2021,inscrit,2,1
1296,445,2021-2022,inscrit,2,2
1297,445,2022-2023,inscrit,2,3
1298,445,2023-2024,inscrit,2,4
1299,445,2024-2025,inscrit,2,5
1300,446,2023-2024,inscrit,2,1
1301,446,2024-2025,inscrit,2,2
1302,447,2023-2024,inscrit,2,1
1303,447,2024-2025,inscrit,2,2
1304,448,2020-2021,inscrit,2,1
1305,448,2021-2022,abandonné,2,2
1306,448,2022-2023,inscrit,2,3
1307,448,2023-2024,inscrit,2,4
1308,448,2024-2025,inscrit,2,5
1309,449,2022-2023,inscrit,2,1
1310,449,2023-2024,inscrit,2,2
1311,449,2024-2025,inscrit,2,3
1312,450,2024-2025,inscrit,2,1
1313,451,2020-2021,inscrit,2,1
1314,451,2021-2022,inscrit,2,2
1315,451,2022-2023,inscrit,2,3
1316,451,2023-2024,inscrit,2,4
1317,451,2024-2025,inscrit,2,5
1318,452,2020-2021,inscrit,2,1
1319,452,2021-2022,inscrit,2,2
1320,452,2022-2023,inscrit,2,3
1321,452,2023-2024,inscrit,2,4
1322,452,2024-2025,inscrit,2,5
1323,453,2022-2023,inscrit,2,1
1324,453,2023-2024,inscrit,2,2
1325,453,2024-2025,inscrit,2,3
1326,454,2023-2024,inscrit,2,1
1327,454,2024-2025,inscrit,2,2
1328,455,2022-2023,inscrit,2,1
1329,455,2023-2024,inscrit,2,2
1330,455,2024-2025,inscrit,2,3
1331,456,2021-2022,inscrit,2,1
1332,456,2022-2023,inscrit,2,2
1333,456,2023-2024,inscrit,2,3
1334,456,2024-2025,inscrit,2,4
1335,457,2024-2025,inscrit,2,1
1336,458,2024-2025,inscrit,2,1
1337,459,2024-2025,inscrit,2,1
1338,460,2024-2025,inscrit,2,1
1339,461,2023-2024,inscrit,2,1
1340,461,2024-2025,inscrit,2,2
1341,462,2022-2023,inscrit,2,1
1342,462,2023-2024,inscrit,2,2
1343,462,2024-2025,inscrit,2,3
1344,463,2024-2025,inscrit,2,1
1345,464,2021-2022,inscrit,2,1
1346,464,2022-2023,inscrit,2,2
1347,464,2023-2024,inscrit,2,3
1348,464,2024-2025,inscrit,2,4
1349,465,2020-2021,inscrit,2,1
1350,465,2021-2022,inscrit,2,2
1351,465,2022-2023,inscrit,2,3
1352,465,2023-2024,abandonné,2,4
1353,465,2024-2025,inscrit,2,5
1354,466,2023-2024,inscrit,2,1
1355,466,2024-2025,inscrit,2,2
1356,467,2021-2022,inscrit,2,1
1357,467,2022-2023,inscrit,2,2
1358,467,2023-2024,inscrit,2,3
1359,467,2024-2025,,2,4
1360,468,2021-2022,inscrit,2,1
1361,468,2022-2023,inscrit,2,2
1362,468,2023-2024,inscrit,2,3
1363,468,2024-2025,inscrit,2,4
1364,469,2020-2021,inscrit,2,1
1365,469,2021-2022,inscrit,2,2
1366,469,2022-2023,inscrit,2,3
1367,469,2023-2024,,2,4
1368,469,2024-2025,inscrit,2,5
1369,470,2023-2024,inscrit,2,1
1370,470,2024-2025,inscrit,2,2
1371,471,2020-2021,inscrit,2,1
1372,471,2021-2022,inscrit,2,2
1373,471,2022-2023,inscrit,2,3
1374,471,2023-2024,inscrit,2,4
1375,471,2024-2025,inscrit,2,5
1376,472,2024-2025,inscrit,2,1
1377,473,2023-2024,inscrit,2,1
1378,473,2024-2025,inscrit,2,2
1379,474,2022-2023,inscrit,2,1
1380,474,2023-2024,abandonné,2,2
1381,474,2024-2025,inscrit,2,3
1382,475,2020-2021,inscrit,2,1
1383,475,2021-2022,inscrit,2,2
1384,475,2022-2023,inscrit,2,3
1385,475,2023-2024,inscrit,2,4
1386,475,2024-2025,,2,5
1387,476,2024-2025,inscrit,2,1
1388,477,2023-2024,inscrit,2,1
1389,477,2024-2025,inscrit,2,2
1390,478,2022-2023,inscrit,2,1
1391,478,2023-2024,inscrit,2,2
1392,478,2024-2025,inscrit,2,3
1393,479,2024-2025,inscrit,2,1
1394,480,2023-2024,inscrit,2,1
1395,480,2024-2025,inscrit,2,2
1396,481,2024-2025,inscrit,3,1
1397,482,2022-2023,inscrit,3,1
1398,482,2023-2024,inscrit,3,2
1399,482,2024-2025,inscrit,3,3
1400,483,2020-2021,inscrit,3,1
1401,483,2021-2022,inscrit,3,2
1402,483,2022-2023,inscrit,3,3
1403,483,2023-2024,inscrit,3,4
1404,483,2024-2025,inscrit,3,5
1405,484,2023-2024,inscrit,3,1
1406,484,2024-2025,inscrit,3,2
1407,485,2024-2025,inscrit,3,1
1408,486,2020-2021,inscrit,3,1
1409,486,2021-2022,inscrit,3,2
1410,486,2022-2023,abandonné,3,3
1411,486,2023-2024,inscrit,3,4
1412,486,2024-2025,inscrit,3,5
1413,487,2022-2023,inscrit,3,1
1414,487,2023-2024,inscrit,3,2
1415,487,2024-2025,inscrit,3,3
1416,488,2023-2024,inscrit,3,1
1417,488,2024-2025,inscrit,3,2
1418,489,2020-2021,inscrit,3,1
1419,489,2021-2022,inscrit,3,2
1420,489,2022-2023,inscrit,3,3
1421,489,2023-2024,inscrit,3,4
1422,489,2024-2025,inscrit,3,5
1423,490,2024-2025,inscrit,3,1
1424,491,2024-2025,inscrit,3,1
1425,492,2020-2021,inscrit,3,1
1426,492,2021-2022,inscrit,3,2
1427,492,2022-2023,inscrit,3,3
1428,492,2023-2024,inscrit,3,4
1429,492,2024-2025,inscrit,3,5
1430,493,2023-2024,inscrit,3,1
1431,493,2024-2025,inscrit,3,2
1432,494,2021-2022,inscrit,3,1
1433,494,2022-2023,inscrit,3,2
1434,494,2023-2024,inscrit,3,3
1435,494,2024-2025,inscrit,3,4
1436,495,2024-2025,inscrit,3,1
1437,496,2021-2022,inscrit,3,1
1438,496,2022-2023,inscrit,3,2
1439,496,2023-2024,inscrit,3,3
1440,496,2024-2025,inscrit,3,4
1441,497,2023-2024,inscrit,3,1
1442,497,2024-2025,inscrit,3,2
1443,498,2023-2024,inscrit,3,1
1444,498,2024-2025,inscrit,3,2
1445,499,2023-2024,inscrit,3,1
1446,499,2024-2025,inscrit,3,2
1447,500,2022-2023,inscrit,3,1
1448,500,2023-2024,inscrit,3,2
1449,500,2024-2025,inscrit,3,3
1450,501,2024-2025,inscrit,3,1
1451,502,2020-2021,inscrit,3,1
1452,502,2021-2022,inscrit,3,2
1453,502,2022-2023,inscrit,3,3
1454,502,2023-2024,abandonné,3,4
1455,502,2024-2025,inscrit,3,5
1456,503,2024-2025,inscrit,3,1
1457,504,2024-2025,inscrit,3,1
1458,505,2021-2022,inscrit,3,1
1459,505,2022-2023,inscrit,3,2
1460,505,2023-2024,inscrit,3,3
1461,505,2024-2025,inscrit,3,4
1462,506,2023-2024,inscrit,3,1
1463,506,2024-2025,inscrit,3,2
1464,507,2020-2021,inscrit,3,1
1465,507,2021-2022,inscrit,3,2
1466,507,2022-2023,inscrit,3,3
1467,507,2023-2024,inscrit,3,4
1468,507,2024-2025,inscrit,3,5
1469,508,2024-2025,inscrit,3,1
1470,509,2021-2022,inscrit,3,1
1471,509,2022-2023,inscrit,3,2
1472,509,2023-2024,inscrit,3,3
1473,509,2024-2025,inscrit,3,4
1474,510,2021-2022,inscrit,3,1
1475,510,2022-2023,,3,2
1476,510,2023-2024,inscrit,3,3
1477,510,2024-2025,inscrit,3,4
1478,511,2020-2021,inscrit,3,1
1479,511,2021-2022,inscrit,3,2
1480,511,2022-2023,inscrit,3,3
1481,511,2023-2024,inscrit,3,4
1482,511,2024-2025,inscrit,3,5
1483,512,2021-2022,inscrit,3,1
1484,512,2022-2023,inscrit,3,2
1485,512,2023-2024,inscrit,3,3
1486,512,2024-2025,inscrit,3,4
1487,513,2020-2021,,3,1
1488,513,2021-2022,inscrit,3,2
1489,513,2022-2023,inscrit,3,3
1490,513,2023-2024,inscrit,3,4
1491,513,2024-2025,inscrit,3,5
1492,514,2021-2022,inscrit,3,1
1493,514,2022-2023,inscrit,3,2
1494,514,2023-2024,inscrit,3,3
1495,514,2024-2025,inscrit,3,4
1496,515,2020-2021,,3,1
1497,515,2021-2022,inscrit,3,2
1498,515,2022-2023,inscrit,3,3
1499,515,2023-2024,inscrit,3,4
1500,515,2024-2025,inscrit,3,5
1501,516,2023-2024,,3,1
1502,516,2024-2025,inscrit,3,2
1503,517,2021-2022,inscrit,3,1
1504,517,2022-2023,inscrit,3,2
1505,517,2023-2024,inscrit,3,3
1506,517,2024-2025,inscrit,3,4
1507,518,2021-2022,inscrit,3,1
1508,518,2022-2023,,3,2
1509,518,2023-2024,inscrit,3,3
1510,518,2024-2025,inscrit,3,4
1511,519,2020-2021,inscrit,3,1
1512,519,2021-2022,inscrit,3,2
1513,519,2022-2023,inscrit,3,3
1514,519,2023-2024,inscrit,3,4
1515,519,2024-2025,inscrit,3,5
1516,520,2021-2022,inscrit,3,1
1517,520,2022-2023,inscrit,3,2
1518,520,2023-2024,inscrit,3,3
1519,520,2024-2025,inscrit,3,4
1520,521,2020-2021,inscrit,3,1
1521,521,2021-2022,inscrit,3,2
1522,521,2022-2023,inscrit,3,3
1523,521,2023-2024,inscrit,3,4
1524,521,2024-2025,inscrit,3,5
1525,522,2022-2023,inscrit,3,1
1526,522,2023-2024,inscrit,3,2
1527,522,2024-2025,inscrit,3,3
1528,523,2023-2024,inscrit,3,1
1529,523,2024-2025,inscrit,3,2
1530,524,2021-2022,inscrit,3,1
1531,524,2022-2023,inscrit,3,2
1532,524,2023-2024,inscrit,3,3
1533,524,2024-2025,inscrit,3,4
1534,525,2022-2023,inscrit,3,1
1535,525,2023-2024,abandonné,3,2
1536,525,2024-2025,inscrit,3,3
1537,526,2021-2022,inscrit,3,1
1538,526,2022-2023,inscrit,3,2
1539,526,2023-2024,inscrit,3,3
1540,526,2024-2025,inscrit,3,4
1541,527,2021-2022,inscrit,3,1
1542,527,2022-2023,inscrit,3,2
1543,527,2023-2024,inscrit,3,3
1544,527,2024-2025,inscrit,3,4
1545,528,2022-2023,inscrit,3,1
1546,528,2023-2024,inscrit,3,2
1547,528,2024-2025,inscrit,3,3
1548,529,2020-2021,inscrit,3,1
1549,529,2021-2022,inscrit,3,2
1550,529,2022-2023,inscrit,3,3
1551,529,2023-2024,inscrit,3,4
1552,529,2024-2025,abandonné,3,5
1553,530,2021-2022,inscrit,3,1
1554,530,2022-2023,inscrit,3,2
1555,530,2023-2024,,3,3
1556,530,2024-2025,inscrit,3,4
1557,531,2022-2023,inscrit,3,1
1558,531,2023-2024,inscrit,3,2
1559,531,2024-2025,inscrit,3,3
1560,532,2020-2021,inscrit,3,1
1561,532,2021-2022,inscrit,3,2
1562,532,2022-2023,inscrit,3,3
1563,532,2023-2024,inscrit,3,4
1564,532,2024-2025,inscrit,3,5
1565,533,2023-2024,inscrit,3,1
1566,533,2024-2025,inscrit,3,2
1567,534,2020-2021,inscrit,3,1
1568,534,2021-2022,inscrit,3,2
1569,534,2022-2023,inscrit,3,3
1570,534,2023-2024,inscrit,3,4
1571,534,2024-2025,inscrit,3,5
1572,535,2021-2022,inscrit,3,1
1573,535,2022-2023,inscrit,3,2
1574,535,2023-2024,inscrit,3,3
1575,535,2024-2025,inscrit,3,4
1576,536,2024-2025,inscrit,3,1
1577,537,2023-2024,inscrit,3,1
1578,537,2024-2025,inscrit,3,2
1579,538,2023-2024,inscrit,3,1
1580,538,2024-2025,inscrit,3,2
1581,539,2022-2023,inscrit,3,1
1582,539,2023-2024,inscrit,3,2
1583,539,2024-2025,inscrit,3,3
1584,540,2023-2024,inscrit,3,1
1585,540,2024-2025,,3,2
1586,541,2022-2023,inscrit,3,1
1587,541,2023-2024,inscrit,3,2
1588,541,2024-2025,inscrit,3,3
1589,542,2023-2024,inscrit,3,1
1590,542,2024-2025,inscrit,3,2
1591,543,2022-2023,inscrit,3,1
1592,543,2023-2024,inscrit,3,2
1593,543,2024-2025,,3,3
1594,544,2022-2023,inscrit,3,1
1595,544,2023-2024,inscrit,3,2
1596,544,2024-2025,inscrit,3,3
1597,545,2023-2024,inscrit,3,1
1598,545,2024-2025,inscrit,3,2
1599,546,2021-2022,inscrit,3,1
1600,546,2022-2023,inscrit,3,2
1601,546,2023-2024,inscrit,3,3
1602,546,2024-2025,inscrit,3,4
1603,547,2024-2025,inscrit,3,1
1604,548,2022-2023,inscrit,3,1
1605,548,2023-2024,inscrit,3,2
1606,548,2024-2025,inscrit,3,3
1607,549,2021-2022,inscrit,3,1
1608,549,2022-2023,inscrit,3,2
1609,549,2023-2024,abandonné,3,3
1610,549,2024-2025,inscrit,3,4
1611,550,2022-2023,inscrit,3,1
1612,550,2023-2024,inscrit,3,2
1613,550,2024-2025,inscrit,3,3
1614,551,2022-2023,inscrit,3,1
1615,551,2023-2024,inscrit,3,2
1616,551,2024-2025,inscrit,3,3
1617,552,2024-2025,inscrit,3,1
1618,553,2021-2022,inscrit,3,1
1619,553,2022-2023,inscrit,3,2
1620,553,2023-2024,inscrit,3,3
1621,553,2024-2025,,3,4
1622,554,2023-2024,inscrit,3,1
1623,554,2024-2025,inscrit,3,2
1624,555,2024-2025,inscrit,3,1
1625,556,2020-2021,inscrit,3,1
1626,556,2021-2022,abandonné,3,2
1627,556,2022-2023,inscrit,3,3
1628,556,2023-2024,inscrit,3,4
1629,556,2024-2025,inscrit,3,5
1630,557,2020-2021,inscrit,3,1
1631,557,2021-2022,inscrit,3,2
1632,557,2022-2023,inscrit,3,3
1633,557,2023-2024,inscrit,3,4
1634,557,2024-2025,inscrit,3,5
1635,558,2023-2024,inscrit,3,1
1636,558,2024-2025,inscrit,3,2
1637,559,2022-2023,inscrit,3,1
1638,559,2023-2024,inscrit,3,2
1639,559,2024-2025,inscrit,3,3
1640,560,2024-2025,inscrit,3,1
1641,561,2023-2024,inscrit,3,1
1642,561,2024-2025,inscrit,3,2
1643,562,2023-2024,inscrit,3,1
1644,562,2024-2025,,3,2
1645,563,2021-2022,inscrit,3,1
1646,563,2022-2023,inscrit,3,2
1647,563,2023-2024,inscrit,3,3
1648,563,2024-2025,inscrit,3,4
1649,564,2024-2025,inscrit,3,1
1650,565,2023-2024,inscrit,3,1
1651,565,2024-2025,,3,2
1652,566,2020-2021,inscrit,3,1
1653,566,2021-2022,inscrit,3,2
1654,566,2022-2023,inscrit,3,3
1655,566,2023-2024,inscrit,3,4
1656,566,2024-2025,inscrit,3,5
1657,567,2024-2025,inscrit,3,1
1658,568,2022-2023,inscrit,3,1
1659,568,2023-2024,inscrit,3,2
1660,568,2024-2025,abandonné,3,3
1661,569,2024-2025,inscrit,3,1
1662,570,2023-2024,inscrit,3,1
1663,570,2024-2025,inscrit,3,2
1664,571,2024-2025,inscrit,3,1
1665,572,2021-2022,inscrit,3,1
1666,572,2022-2023,inscrit,3,2
1667,572,2023-2024,inscrit,3,3
1668,572,2024-2025,inscrit,3,4
1669,573,2024-2025,inscrit,3,1
1670,574,2022-2023,inscrit,3,1
1671,574,2023-2024,inscrit,3,2
1672,574,2024-2025,inscrit,3,3
1673,575,2021-2022,inscrit,3,1
1674,575,2022-2023,inscrit,3,2
1675,575,2023-2024,inscrit,3,3
1676,575,2024-2025,abandonné,3,4
1677,576,2023-2024,inscrit,3,1
1678,576,2024-2025,inscrit,3,2
1679,577,2020-2021,,3,1
1680,577,2021-2022,inscrit,3,2
1681,577,2022-2023,inscrit,3,3
1682,577,2023-2024,inscrit,3,4
1683,577,2024-2025,inscrit,3,5
1684,578,2022-2023,inscrit,3,1
1685,578,2023-2024,inscrit,3,2
1686,578,2024-2025,inscrit,3,3
1687,579,2023-2024,inscrit,3,1
1688,579,2024-2025,inscrit,3,2
1689,580,2022-2023,inscrit,3,1
1690,580,2023-2024,inscrit,3,2
1691,580,2024-2025,,3,3
1692,581,2021-2022,inscrit,3,1
1693,581,2022-2023,inscrit,3,2
1694,581,2023-2024,inscrit,3,3
1695,581,2024-2025,inscrit,3,4
1696,582,2024-2025,inscrit,3,1
1697,583,2022-2023,inscrit,3,1
1698,583,2023-2024,inscrit,3,2
1699,583,2024-2025,inscrit,3,3
1700,584,2021-2022,inscrit,3,1
1701,584,2022-2023,inscrit,3,2
1702,584,2023-2024,inscrit,3,3
1703,584,2024-2025,abandonné,3,4
1704,585,2022-2023,inscrit,3,1
1705,585,2023-2024,inscrit,3,2
1706,585,2024-2025,inscrit,3,3
1707,586,2023-2024,inscrit,3,1
1708,586,2024-2025,inscrit,3,2
1709,587,2023-2024,inscrit,3,1
1710,587,2024-2025,inscrit,3,2
1711,588,2023-2024,inscrit,3,1
1712,588,2024-2025,inscrit,3,2
1713,589,2021-2022,inscrit,3,1
1714,589,2022-2023,inscrit,3,2
1715,589,2023-2024,inscrit,3,3
1716,589,2024-2025,inscrit,3,4
1717,590,2023-2024,inscrit,3,1
1718,590,2024-2025,inscrit,3,2
1719,591,2021-2022,inscrit,3,1
1720,591,2022-2023,inscrit,3,2
1721,591,2023-2024,inscrit,3,3
1722,591,2024-2025,inscrit,3,4
1723,592,2024-2025,inscrit,3,1
1724,593,2022-2023,inscrit,3,1
1725,593,2023-2024,inscrit,3,2
1726,593,2024-2025,inscrit,3,3
1727,594,2023-2024,inscrit,3,1
1728,594,2024-2025,inscrit,3,2
1729,595,2022-2023,inscrit,3,1
1730,595,2023-2024,,3,2
1731,595,2024-2025,inscrit,3,3
1732,596,2020-2021,inscrit,3,1
1733,596,2021-2022,inscrit,3,2
1734,596,2022-2023,inscrit,3,3
1735,596,2023-2024,inscrit,3,4
1736,596,2024-2025,inscrit,3,5
1737,597,2021-2022,,3,1
1738,597,2022-2023,inscrit,3,2
1739,597,2023-2024,inscrit,3,3
1740,597,2024-2025,inscrit,3,4
1741,598,2020-2021,inscrit,3,1
1742,598,2021-2022,inscrit,3,2
1743,598,2022-2023,inscrit,3,3
1744,598,2023-2024,inscrit,3,4
1745,598,2024-2025,inscrit,3,5
1746,599,2022-2023,inscrit,3,1
1747,599,2023-2024,inscrit,3,2
1748,599,2024-2025,inscrit,3,3
1749,600,2023-2024,inscrit,3,1
1750,600,2024-2025,inscrit,3,2
1751,601,2024-2025,inscrit,3,1
1752,602,2021-2022,inscrit,3,1
1753,602,2022-2023,inscrit,3,2
1754,602,2023-2024,inscrit,3,3
1755,602,2024-2025,inscrit,3,4
1756,603,2023-2024,inscrit,3,1
1757,603,2024-2025,abandonné,3,2
1758,604,2022-2023,inscrit,3,1
1759,604,2023-2024,inscrit,3,2
1760,604,2024-2025,inscrit,3,3
1761,605,2024-2025,inscrit,3,1
1762,606,2023-2024,inscrit,3,1
1763,606,2024-2025,inscrit,3,2
1764,607,2023-2024,inscrit,3,1
1765,607,2024-2025,inscrit,3,2
1766,608,2023-2024,,3,1
1767,608,2024-2025,inscrit,3,2
1768,609,2020-2021,inscrit,3,1
1769,609,2021-2022,inscrit,3,2
1770,609,2022-2023,inscrit,3,3
1771,609,2023-2024,inscrit,3,4
1772,609,2024-2025,inscrit,3,5
1773,610,2024-2025,inscrit,3,1
1774,611,2022-2023,inscrit,3,1
1775,611,2023-2024,inscrit,3,2
1776,611,2024-2025,inscrit,3,3
1777,612,2023-2024,inscrit,3,1
1778,612,2024-2025,inscrit,3,2
1779,613,2024-2025,inscrit,3,1
1780,614,2021-2022,,3,1
1781,614,2022-2023,inscrit,3,2
1782,614,2023-2024,inscrit,3,3
1783,614,2024-2025,inscrit,3,4
1784,615,2020-2021,inscrit,3,1
1785,615,2021-2022,inscrit,3,2
1786,615,2022-2023,inscrit,3,3
1787,615,2023-2024,inscrit,3,4
1788,615,2024-2025,inscrit,3,5
1789,616,2023-2024,inscrit,3,1
1790,616,2024-2025,inscrit,3,2
1791,617,2021-2022,inscrit,3,1
1792,617,2022-2023,inscrit,3,2
1793,617,2023-2024,inscrit,3,3
1794,617,2024-2025,inscrit,3,4
1795,618,2022-2023,inscrit,3,1
1796,618,2023-2024,inscrit,3,2
1797,618,2024-2025,inscrit,3,3
1798,619,2021-2022,inscrit,3,1
1799,619,2022-2023,inscrit,3,2
1800,619,2023-2024,inscrit,3,3
1801,619,2024-2025,inscrit,3,4
1802,620,2022-2023,inscrit,3,1
1803,620,2023-2024,inscrit,3,2
1804,620,2024-2025,inscrit,3,3
1805,621,2024-2025,inscrit,3,1
1806,622,2022-2023,inscrit,3,1
1807,622,2023-2024,inscrit,3,2
1808,622,2024-2025,inscrit,3,3
1809,623,2020-2021,inscrit,3,1
1810,623,2021-2022,abandonné,3,2
1811,623,2022-2023,inscrit,3,3
1812,623,2023-2024,inscrit,3,4
1813,623,2024-2025,inscrit,3,5
1814,624,2021-2022,inscrit,3,1
1815,624,2022-2023,inscrit,3,2
1816,624,2023-2024,inscrit,3,3
1817,624,2024-2025,inscrit,3,4
1818,625,2023-2024,inscrit,3,1
1819,625,2024-2025,inscrit,3,2
1820,626,2020-2021,inscrit,3,1
1821,626,2021-2022,inscrit,3,2
1822,626,2022-2023,inscrit,3,3
1823,626,2023-2024,inscrit,3,4
1824,626,2024-2025,inscrit,3,5
1825,627,2020-2021,,3,1
1826,627,2021-2022,,3,2
1827,627,2022-2023,inscrit,3,3
1828,627,2023-2024,inscrit,3,4
1829,627,2024-2025,abandonné,3,5
1830,628,2024-2025,inscrit,3,1
1831,629,2021-2022,inscrit,3,1
1832,629,2022-2023,inscrit,3,2
1833,629,2023-2024,inscrit,3,3
1834,629,2024-2025,inscrit,3,4
1835,630,2022-2023,inscrit,3,1
1836,630,2023-2024,inscrit,3,2
1837,630,2024-2025,inscrit,3,3
1838,631,2024-2025,inscrit,3,1
1839,632,2023-2024,inscrit,3,1
1840,632,2024-2025,inscrit,3,2
1841,633,2024-2025,inscrit,3,1
1842,634,2024-2025,inscrit,3,1
1843,635,2024-2025,inscrit,3,1
1844,636,2024-2025,inscrit,3,1
1845,637,2022-2023,inscrit,3,1
1846,637,2023-2024,inscrit,3,2
1847,637,2024-2025,inscrit,3,3
1848,638,2023-2024,,3,1
1849,638,2024-2025,abandonné,3,2
1850,639,2023-2024,inscrit,3,1
1851,639,2024-2025,inscrit,3,2
1852,640,2023-2024,inscrit,3,1
1853,640,2024-2025,inscrit,3,2
1854,641,2023-2024,inscrit,3,1
1855,641,2024-2025,inscrit,3,2
1856,642,2021-2022,inscrit,3,1
1857,642,2022-2023,inscrit,3,2
1858,642,2023-2024,inscrit,3,3
1859,642,2024-2025,inscrit,3,4
1860,643,2023-2024,,3,1
1861,643,2024-2025,inscrit,3,2
1862,644,2022-2023,inscrit,3,1
1863,644,2023-2024,inscrit,3,2
1864,644,2024-2025,inscrit,3,3
1865,645,2022-2023,inscrit,3,1
1866,645,2023-2024,inscrit,3,2
1867,645,2024-2025,inscrit,3,3
1868,646,2021-2022,inscrit,3,1
1869,646,2022-2023,inscrit,3,2
1870,646,2023-2024,inscrit,3,3
1871,646,2024-2025,inscrit,3,4
1872,647,2023-2024,inscrit,3,1
1873,647,2024-2025,inscrit,3,2
1874,648,2023-2024,inscrit,3,1
1875,648,2024-2025,inscrit,3,2
1876,649,2023-2024,inscrit,3,1
1877,649,2024-2025,inscrit,3,2
1878,650,2023-2024,inscrit,3,1
1879,650,2024-2025,inscrit,3,2
1880,651,2023-2024,inscrit,3,1
1881,651,2024-2025,inscrit,3,2
1882,652,2023-2024,inscrit,3,1
1883,652,2024-2025,inscrit,3,2
1884,653,2021-2022,inscrit,3,1
1885,653,2022-2023,inscrit,3,2
1886,653,2023-2024,abandonné,3,3
1887,653,2024-2025,abandonné,3,4
1888,654,2023-2024,inscrit,3,1
1889,654,2024-2025,inscrit,3,2
1890,655,2024-2025,inscrit,3,1
1891,656,2020-2021,inscrit,3,1
1892,656,2021-2022,inscrit,3,2
1893,656,2022-2023,inscrit,3,3
1894,656,2023-2024,inscrit,3,4
1895,656,2024-2025,inscrit,3,5
1896,657,2020-2021,inscrit,3,1
1897,657,2021-2022,inscrit,3,2
1898,657,2022-2023,,3,3
1899,657,2023-2024,inscrit,3,4
1900,657,2024-2025,inscrit,3,5
1901,658,2024-2025,inscrit,3,1
1902,659,2023-2024,inscrit,3,1
1903,659,2024-2025,inscrit,3,2
1904,660,2022-2023,inscrit,3,1
1905,660,2023-2024,inscrit,3,2
1906,660,2024-2025,inscrit,3,3
1907,661,2020-2021,inscrit,3,1
1908,661,2021-2022,inscrit,3,2
1909,661,2022-2023,inscrit,3,3
1910,661,2023-2024,inscrit,3,4
1911,661,2024-2025,inscrit,3,5
1912,662,2020-2021,inscrit,3,1
1913,662,2021-2022,inscrit,3,2
1914,662,2022-2023,inscrit,3,3
1915,662,2023-2024,inscrit,3,4
1916,662,2024-2025,inscrit,3,5
1917,663,2023-2024,inscrit,3,1
1918,663,2024-2025,inscrit,3,2
1919,664,2023-2024,inscrit,3,1
1920,664,2024-2025,inscrit,3,2
1921,665,2023-2024,inscrit,3,1
1922,665,2024-2025,inscrit,3,2
1923,666,2024-2025,inscrit,3,1
1924,667,2021-2022,inscrit,3,1
1925,667,2022-2023,inscrit,3,2
1926,667,2023-2024,inscrit,3,3
1927,667,2024-2025,inscrit,3,4
1928,668,2020-2021,inscrit,3,1
1929,668,2021-2022,inscrit,3,2
1930,668,2022-2023,inscrit,3,3
1931,668,2023-2024,inscrit,3,4
1932,668,2024-2025,inscrit,3,5
1933,669,2021-2022,inscrit,3,1
1934,669,2022-2023,inscrit,3,2
1935,669,2023-2024,inscrit,3,3
1936,669,2024-2025,inscrit,3,4
1937,670,2023-2024,inscrit,3,1
1938,670,2024-2025,inscrit,3,2
1939,671,2023-2024,inscrit,3,1
1940,671,2024-2025,inscrit,3,2
1941,672,2022-2023,inscrit,3,1
1942,672,2023-2024,inscrit,3,2
1943,672,2024-2025,inscrit,3,3
1944,673,2023-2024,inscrit,3,1
1945,673,2024-2025,,3,2
1946,674,2020-2021,inscrit,3,1
1947,674,2021-2022,inscrit,3,2
1948,674,2022-2023,inscrit,3,3
1949,674,2023-2024,inscrit,3,4
1950,674,2024-2025,abandonné,3,5
1951,675,2022-2023,inscrit,3,1
1952,675,2023-2024,inscrit,3,2
1953,675,2024-2025,inscrit,3,3
1954,676,2020-2021,inscrit,3,1
1955,676,2021-2022,inscrit,3,2
1956,676,2022-2023,inscrit,3,3
1957,676,2023-2024,inscrit,3,4
1958,676,2024-2025,inscrit,3,5
1959,677,2023-2024,inscrit,3,1
1960,677,2024-2025,inscrit,3,2
1961,678,2022-2023,inscrit,3,1
1962,678,2023-2024,inscrit,3,2
1963,678,2024-2025,inscrit,3,3
1964,679,2022-2023,inscrit,3,1
1965,679,2023-2024,inscrit,3,2
1966,679,2024-2025,inscrit,3,3
1967,680,2021-2022,inscrit,3,1
1968,680,2022-2023,inscrit,3,2
1969,680,2023-2024,inscrit,3,3
1970,680,2024-2025,inscrit,3,4
1971,681,2021-2022,inscrit,3,1
1972,681,2022-2023,inscrit,3,2
1973,681,2023-2024,inscrit,3,3
1974,681,2024-2025,abandonné,3,4
1975,682,2022-2023,inscrit,3,1
1976,682,2023-2024,,3,2
1977,682,2024-2025,inscrit,3,3
1978,683,2024-2025,inscrit,3,1
1979,684,2022-2023,inscrit,3,1
1980,684,2023-2024,inscrit,3,2
1981,684,2024-2025,inscrit,3,3
1982,685,2022-2023,inscrit,3,1
1983,685,2023-2024,abandonné,3,2
1984,685,2024-2025,inscrit,3,3
1985,686,2020-2021,inscrit,3,1
1986,686,2021-2022,inscrit,3,2
1987,686,2022-2023,inscrit,3,3
1988,686,2023-2024,inscrit,3,4
1989,686,2024-2025,,3,5
1990,687,2021-2022,inscrit,3,1
1991,687,2022-2023,inscrit,3,2
1992,687,2023-2024,inscrit,3,3
1993,687,2024-2025,inscrit,3,4
1994,688,2024-2025,inscrit,3,1
1995,689,2022-2023,inscrit,3,1
1996,689,2023-2024,inscrit,3,2
1997,689,2024-2025,inscrit,3,3
1998,690,2024-2025,inscrit,3,1
1999,691,2022-2023,inscrit,3,1
2000,691,2023-2024,inscrit,3,2
2001,691,2024-2025,inscrit,3,3
2002,692,2024-2025,inscrit,3,1
2003,693,2023-2024,inscrit,3,1
2004,693,2024-2025,inscrit,3,2
2005,694,2022-2023,inscrit,3,1
2006,694,2023-2024,inscrit,3,2
2007,694,2024-2025,inscrit,3,3
2008,695,2024-2025,inscrit,3,1
2009,696,2023-2024,inscrit,3,1
2010,696,2024-2025,inscrit,3,2
2011,697,2022-2023,inscrit,3,1
2012,697,2023-2024,inscrit,3,2
2013,697,2024-2025,inscrit,3,3
2014,698,2023-2024,inscrit,3,1
2015,698,2024-2025,inscrit,3,2
2016,699,2020-2021,inscrit,3,1
2017,699,2021-2022,inscrit,3,2
2018,699,2022-2023,inscrit,3,3
2019,699,2023-2024,inscrit,3,4
2020,699,2024-2025,inscrit,3,5
2021,700,2021-2022,,3,1
2022,700,2022-2023,inscrit,3,2
2023,700,2023-2024,inscrit,3,3
2024,700,2024-2025,inscrit,3,4
2025,701,2021-2022,inscrit,3,1
2026,701,2022-2023,inscrit,3,2
2027,701,2023-2024,inscrit,3,3
2028,701,2024-2025,inscrit,3,4
2029,702,2021-2022,inscrit,3,1
2030,702,2022-2023,inscrit,3,2
2031,702,2023-2024,inscrit,3,3
2032,702,2024-2025,inscrit,3,4
2033,703,2022-2023,inscrit,3,1
2034,703,2023-2024,inscrit,3,2
2035,703,2024-2025,inscrit,3,3
2036,704,2023-2024,inscrit,3,1
2037,704,2024-2025,inscrit,3,2
2038,705,2022-2023,inscrit,3,1
2039,705,2023-2024,inscrit,3,2
2040,705,2024-2025,inscrit,3,3
2041,706,2022-2023,inscrit,3,1
2042,706,2023-2024,inscrit,3,2
2043,706,2024-2025,inscrit,3,3
2044,707,2023-2024,inscrit,3,1
2045,707,2024-2025,inscrit,3,2
2046,708,2022-2023,inscrit,3,1
2047,708,2023-2024,inscrit,3,2
2048,708,2024-2025,inscrit,3,3
2049,709,2023-2024,inscrit,3,1
2050,709,2024-2025,inscrit,3,2
2051,710,2023-2024,inscrit,3,1
2052,710,2024-2025,inscrit,3,2
2053,711,2021-2022,inscrit,3,1
2054,711,2022-2023,inscrit,3,2
2055,711,2023-2024,,3,3
2056,711,2024-2025,inscrit,3,4
2057,712,2023-2024,inscrit,3,1
2058,712,2024-2025,inscrit,3,2
2059,713,2020-2021,inscrit,3,1
2060,713,2021-2022,inscrit,3,2
2061,713,2022-2023,inscrit,3,3
2062,713,2023-2024,inscrit,3,4
2063,713,2024-2025,inscrit,3,5
2064,714,2023-2024,inscrit,3,1
2065,714,2024-2025,inscrit,3,2
2066,715,2023-2024,inscrit,3,1
2067,715,2024-2025,inscrit,3,2
2068,716,2024-2025,inscrit,3,1
2069,717,2024-2025,inscrit,3,1
2070,718,2022-2023,inscrit,3,1
2071,718,2023-2024,inscrit,3,2
2072,718,2024-2025,inscrit,3,3
2073,719,2021-2022,inscrit,3,1
2074,719,2022-2023,inscrit,3,2
2075,719,2023-2024,inscrit,3,3
2076,719,2024-2025,inscrit,3,4
2077,720,2024-2025,inscrit,3,1
2078,721,2021-2022,inscrit,3,1
2079,721,2022-2023,abandonné,3,2
2080,721,2023-2024,inscrit,3,3
2081,721,2024-2025,inscrit,3,4
2082,722,2023-2024,,3,1
2083,722,2024-2025,inscrit,3,2
2084,723,2020-2021,inscrit,3,1
2085,723,2021-2022,inscrit,3,2
2086,723,2022-2023,inscrit,3,3
2087,723,2023-2024,inscrit,3,4
2088,723,2024-2025,inscrit,3,5
2089,724,2020-2021,inscrit,3,1
2090,724,2021-2022,inscrit,3,2
2091,724,2022-2023,inscrit,3,3
2092,724,2023-2024,inscrit,3,4
2093,724,2024-2025,inscrit,3,5
2094,725,2020-2021,inscrit,3,1
2095,725,2021-2022,inscrit,3,2
2096,725,2022-2023,inscrit,3,3
2097,725,2023-2024,inscrit,3,4
2098,725,2024-2025,inscrit,3,5
2099,726,2024-2025,inscrit,3,1
2100,727,2023-2024,inscrit,3,1
2101,727,2024-2025,inscrit,3,2
2102,728,2020-2021,inscrit,3,1
2103,728,2021-2022,inscrit,3,2
2104,728,2022-2023,inscrit,3,3
2105,728,2023-2024,inscrit,3,4
2106,728,2024-2025,,3,5
2107,729,2022-2023,inscrit,3,1
2108,729,2023-2024,inscrit,3,2
2109,729,2024-2025,inscrit,3,3
2110,730,2022-2023,inscrit,3,1
2111,730,2023-2024,,3,2
2112,730,2024-2025,inscrit,3,3
2113,731,2023-2024,inscrit,3,1
2114,731,2024-2025,inscrit,3,2
2115,732,2022-2023,inscrit,3,1
2116,732,2023-2024,inscrit,3,2
2117,732,2024-2025,inscrit,3,3
2118,733,2022-2023,inscrit,3,1
2119,733,2023-2024,inscrit,3,2
2120,733,2024-2025,inscrit,3,3
2121,734,2023-2024,inscrit,3,1
2122,734,2024-2025,inscrit,3,2
2123,735,2022-2023,inscrit,3,1
2124,735,2023-2024,inscrit,3,2
2125,735,2024-2025,inscrit,3,3
2126,736,2022-2023,inscrit,3,1
2127,736,2023-2024,inscrit,3,2
2128,736,2024-2025,inscrit,3,3
2129,737,2020-2021,inscrit,3,1
2130,737,2021-2022,inscrit,3,2
2131,737,2022-2023,inscrit,3,3
2132,737,2023-2024,inscrit,3,4
2133,737,2024-2025,inscrit,3,5
2134,738,2022-2023,inscrit,3,1
2135,738,2023-2024,inscrit,3,2
2136,738,2024-2025,inscrit,3,3
2137,739,2020-2021,inscrit,3,1
2138,739,2021-2022,inscrit,3,2
2139,739,2022-2023,inscrit,3,3
2140,739,2023-2024,inscrit,3,4
2141,739,2024-2025,inscrit,3,5
2142,740,2024-2025,inscrit,3,1
2143,741,2023-2024,inscrit,3,1
2144,741,2024-2025,inscrit,3,2
2145,742,2020-2021,inscrit,3,1
2146,742,2021-2022,inscrit,3,2
2147,742,2022-2023,,3,3
2148,742,2023-2024,inscrit,3,4
2149,742,2024-2025,inscrit,3,5
2150,743,2022-2023,inscrit,3,1
2151,743,2023-2024,inscrit,3,2
2152,743,2024-2025,inscrit,3,3
2153,744,2020-2021,inscrit,3,1
2154,744,2021-2022,inscrit,3,2
2155,744,2022-2023,abandonné,3,3
2156,744,2023-2024,inscrit,3,4
2157,744,2024-2025,inscrit,3,5
2158,745,2020-2021,inscrit,3,1
2159,745,2021-2022,inscrit,3,2
2160,745,2022-2023,inscrit,3,3
2161,745,2023-2024,inscrit,3,4
2162,745,2024-2025,inscrit,3,5
2163,746,2022-2023,inscrit,3,1
2164,746,2023-2024,inscrit,3,2
2165,746,2024-2025,inscrit,3,3
2166,747,2023-2024,inscrit,3,1
2167,747,2024-2025,inscrit,3,2
2168,748,2022-2023,inscrit,3,1
2169,748,2023-2024,inscrit,3,2
2170,748,2024-2025,inscrit,3,3
2171,749,2021-2022,inscrit,3,1
2172,749,2022-2023,inscrit,3,2
2173,749,2023-2024,inscrit,3,3
2174,749,2024-2025,inscrit,3,4
2175,750,2023-2024,inscrit,3,1
2176,750,2024-2025,inscrit,3,2
2177,751,2023-2024,inscrit,3,1
2178,751,2024-2025,inscrit,3,2
2179,752,2021-2022,inscrit,3,1
2180,752,2022-2023,inscrit,3,2
2181,752,2023-2024,inscrit,3,3
2182,752,2024-2025,inscrit,3,4
2183,753,2023-2024,,3,1
2184,753,2024-2025,inscrit,3,2
2185,754,2020-2021,inscrit,3,1
2186,754,2021-2022,inscrit,3,2
2187,754,2022-2023,inscrit,3,3
2188,754,2023-2024,inscrit,3,4
2189,754,2024-2025,inscrit,3,5
2190,755,2024-2025,inscrit,3,1
2191,756,2023-2024,inscrit,3,1
2192,756,2024-2025,inscrit,3,2
2193,757,2020-2021,inscrit,3,1
2194,757,2021-2022,inscrit,3,2
2195,757,2022-2023,inscrit,3,3
2196,757,2023-2024,inscrit,3,4
2197,757,2024-2025,abandonné,3,5
2198,758,2022-2023,inscrit,3,1
2199,758,2023-2024,inscrit,3,2
2200,758,2024-2025,inscrit,3,3
2201,759,2020-2021,inscrit,3,1
2202,759,2021-2022,inscrit,3,2
2203,759,2022-2023,inscrit,3,3
2204,759,2023-2024,inscrit,3,4
2205,759,2024-2025,inscrit,3,5
2206,760,2021-2022,,3,1
2207,760,2022-2023,inscrit,3,2
2208,760,2023-2024,inscrit,3,3
2209,760,2024-2025,abandonné,3,4
2210,761,2023-2024,inscrit,3,1
2211,761,2024-2025,inscrit,3,2
2212,762,2022-2023,inscrit,3,1
2213,762,2023-2024,inscrit,3,2
2214,762,2024-2025,inscrit,3,3
2215,763,2023-2024,inscrit,3,1
2216,763,2024-2025,inscrit,3,2
2217,764,2023-2024,inscrit,3,1
2218,764,2024-2025,,3,2
2219,765,2022-2023,inscrit,3,1
2220,765,2023-2024,inscrit,3,2
2221,765,2024-2025,inscrit,3,3
2222,766,2022-2023,inscrit,3,1
2223,766,2023-2024,inscrit,3,2
2224,766,2024-2025,inscrit,3,3
2225,767,2023-2024,inscrit,3,1
2226,767,2024-2025,inscrit,3,2
2227,768,2022-2023,inscrit,3,1
2228,768,2023-2024,inscrit,3,2
2229,768,2024-2025,inscrit,3,3
2230,769,2021-2022,inscrit,3,1
2231,769,2022-2023,inscrit,3,2
2232,769,2023-2024,inscrit,3,3
2233,769,2024-2025,inscrit,3,4
2234,770,2024-2025,inscrit,3,1
2235,771,2023-2024,inscrit,3,1
2236,771,2024-2025,inscrit,3,2
2237,772,2024-2025,inscrit,3,1
2238,773,2023-2024,inscrit,3,1
2239,773,2024-2025,inscrit,3,2
2240,774,2022-2023,inscrit,3,1
2241,774,2023-2024,inscrit,3,2
2242,774,2024-2025,inscrit,3,3
2243,775,2024-2025,inscrit,3,1
2244,776,2024-2025,inscrit,3,1
2245,777,2021-2022,inscrit,3,1
2246,777,2022-2023,inscrit,3,2
2247,777,2023-2024,inscrit,3,3
2248,777,2024-2025,inscrit,3,4
2249,778,2022-2023,inscrit,3,1
2250,778,2023-2024,inscrit,3,2
2251,778,2024-2025,inscrit,3,3
2252,779,2021-2022,inscrit,3,1
2253,779,2022-2023,inscrit,3,2
2254,779,2023-2024,inscrit,3,3
2255,779,2024-2025,abandonné,3,4
2256,780,2023-2024,inscrit,3,1
2257,780,2024-2025,abandonné,3,2
2258,781,2020-2021,inscrit,4,1
2259,781,2021-2022,inscrit,4,2
2260,781,2022-2023,inscrit,4,3
2261,781,2023-2024,inscrit,4,4
2262,781,2024-2025,inscrit,4,5
2263,782,2024-2025,inscrit,4,1
2264,783,2022-2023,inscrit,4,1
2265,783,2023-2024,inscrit,4,2
2266,783,2024-2025,,4,3
2267,784,2020-2021,inscrit,4,1
2268,784,2021-2022,inscrit,4,2
2269,784,2022-2023,inscrit,4,3
2270,784,2023-2024,inscrit,4,4
2271,784,2024-2025,inscrit,4,5
2272,785,2021-2022,inscrit,4,1
2273,785,2022-2023,inscrit,4,2
2274,785,2023-2024,inscrit,4,3
2275,785,2024-2025,inscrit,4,4
2276,786,2023-2024,inscrit,4,1
2277,786,2024-2025,inscrit,4,2
2278,787,2023-2024,inscrit,4,1
2279,787,2024-2025,inscrit,4,2
2280,788,2023-2024,inscrit,4,1
2281,788,2024-2025,,4,2
2282,789,2023-2024,inscrit,4,1
2283,789,2024-2025,inscrit,4,2
2284,790,2022-2023,inscrit,4,1
2285,790,2023-2024,inscrit,4,2
2286,790,2024-2025,inscrit,4,3
2287,791,2022-2023,inscrit,4,1
2288,791,2023-2024,inscrit,4,2
2289,791,2024-2025,inscrit,4,3
2290,792,2021-2022,inscrit,4,1
2291,792,2022-2023,inscrit,4,2
2292,792,2023-2024,inscrit,4,3
2293,792,2024-2025,inscrit,4,4
2294,793,2024-2025,inscrit,4,1
2295,794,2021-2022,inscrit,4,1
2296,794,2022-2023,inscrit,4,2
2297,794,2023-2024,inscrit,4,3
2298,794,2024-2025,inscrit,4,4
2299,795,2021-2022,inscrit,4,1
2300,795,2022-2023,inscrit,4,2
2301,795,2023-2024,inscrit,4,3
2302,795,2024-2025,inscrit,4,4
2303,796,2020-2021,inscrit,4,1
2304,796,2021-2022,inscrit,4,2
2305,796,2022-2023,inscrit,4,3
2306,796,2023-2024,inscrit,4,4
2307,796,2024-2025,inscrit,4,5
2308,797,2021-2022,inscrit,4,1
2309,797,2022-2023,inscrit,4,2
2310,797,2023-2024,inscrit,4,3
2311,797,2024-2025,inscrit,4,4
2312,798,2022-2023,inscrit,4,1
2313,798,2023-2024,inscrit,4,2
2314,798,2024-2025,inscrit,4,3
2315,799,2024-2025,inscrit,4,1
2316,800,2020-2021,inscrit,4,1
2317,800,2021-2022,inscrit,4,2
2318,800,2022-2023,inscrit,4,3
2319,800,2023-2024,inscrit,4,4
2320,800,2024-2025,inscrit,4,5
2321,801,2024-2025,inscrit,4,1
2322,802,2021-2022,inscrit,4,1
2323,802,2022-2023,inscrit,4,2
2324,802,2023-2024,inscrit,4,3
2325,802,2024-2025,abandonné,4,4
2326,803,2021-2022,inscrit,4,1
2327,803,2022-2023,inscrit,4,2
2328,803,2023-2024,inscrit,4,3
2329,803,2024-2025,inscrit,4,4
2330,804,2021-2022,inscrit,4,1
2331,804,2022-2023,inscrit,4,2
2332,804,2023-2024,abandonné,4,3
2333,804,2024-2025,inscrit,4,4
2334,805,2024-2025,inscrit,4,1
2335,806,2020-2021,inscrit,4,1
2336,806,2021-2022,inscrit,4,2
2337,806,2022-2023,inscrit,4,3
2338,806,2023-2024,inscrit,4,4
2339,806,2024-2025,inscrit,4,5
2340,807,2021-2022,inscrit,4,1
2341,807,2022-2023,inscrit,4,2
2342,807,2023-2024,inscrit,4,3
2343,807,2024-2025,abandonné,4,4
2344,808,2023-2024,inscrit,4,1
2345,808,2024-2025,inscrit,4,2
2346,809,2022-2023,inscrit,4,1
2347,809,2023-2024,inscrit,4,2
2348,809,2024-2025,inscrit,4,3
2349,810,2023-2024,inscrit,4,1
2350,810,2024-2025,inscrit,4,2
2351,811,2024-2025,inscrit,4,1
2352,812,2023-2024,inscrit,4,1
2353,812,2024-2025,inscrit,4,2
2354,813,2023-2024,inscrit,4,1
2355,813,2024-2025,inscrit,4,2
2356,814,2023-2024,inscrit,4,1
2357,814,2024-2025,inscrit,4,2
2358,815,2020-2021,inscrit,4,1
2359,815,2021-2022,inscrit,4,2
2360,815,2022-2023,inscrit,4,3
2361,815,2023-2024,inscrit,4,4
2362,815,2024-2025,abandonné,4,5
2363,816,2022-2023,inscrit,4,1
2364,816,2023-2024,inscrit,4,2
2365,816,2024-2025,inscrit,4,3
2366,817,2021-2022,inscrit,4,1
2367,817,2022-2023,inscrit,4,2
2368,817,2023-2024,inscrit,4,3
2369,817,2024-2025,inscrit,4,4
2370,818,2023-2024,inscrit,4,1
2371,818,2024-2025,inscrit,4,2
2372,819,2021-2022,inscrit,4,1
2373,819,2022-2023,inscrit,4,2
2374,819,2023-2024,inscrit,4,3
2375,819,2024-2025,abandonné,4,4
2376,820,2023-2024,inscrit,4,1
2377,820,2024-2025,inscrit,4,2
2378,821,2022-2023,inscrit,4,1
2379,821,2023-2024,inscrit,4,2
2380,821,2024-2025,inscrit,4,3
2381,822,2024-2025,inscrit,4,1
2382,823,2022-2023,inscrit,4,1
2383,823,2023-2024,inscrit,4,2
2384,823,2024-2025,inscrit,4,3
2385,824,2023-2024,inscrit,4,1
2386,824,2024-2025,inscrit,4,2
2387,825,2021-2022,inscrit,4,1
2388,825,2022-2023,inscrit,4,2
2389,825,2023-2024,inscrit,4,3
2390,825,2024-2025,inscrit,4,4
2391,826,2023-2024,inscrit,4,1
2392,826,2024-2025,inscrit,4,2
2393,827,2021-2022,inscrit,4,1
2394,827,2022-2023,inscrit,4,2
2395,827,2023-2024,inscrit,4,3
2396,827,2024-2025,inscrit,4,4
2397,828,2020-2021,inscrit,4,1
2398,828,2021-2022,inscrit,4,2
2399,828,2022-2023,inscrit,4,3
2400,828,2023-2024,inscrit,4,4
2401,828,2024-2025,abandonné,4,5
2402,829,2021-2022,inscrit,4,1
2403,829,2022-2023,inscrit,4,2
2404,829,2023-2024,inscrit,4,3
2405,829,2024-2025,inscrit,4,4
2406,830,2022-2023,inscrit,4,1
2407,830,2023-2024,inscrit,4,2
2408,830,2024-2025,inscrit,4,3
2409,831,2020-2021,inscrit,4,1
2410,831,2021-2022,inscrit,4,2
2411,831,2022-2023,inscrit,4,3
2412,831,2023-2024,inscrit,4,4
2413,831,2024-2025,inscrit,4,5
2414,832,2020-2021,inscrit,4,1
2415,832,2021-2022,inscrit,4,2
2416,832,2022-2023,inscrit,4,3
2417,832,2023-2024,inscrit,4,4
2418,832,2024-2025,inscrit,4,5
2419,833,2022-2023,inscrit,4,1
2420,833,2023-2024,inscrit,4,2
2421,833,2024-2025,inscrit,4,3
2422,834,2022-2023,inscrit,4,1
2423,834,2023-2024,inscrit,4,2
2424,834,2024-2025,inscrit,4,3
2425,835,2024-2025,inscrit,4,1
2426,836,2024-2025,inscrit,4,1
2427,837,2022-2023,inscrit,4,1
2428,837,2023-2024,inscrit,4,2
2429,837,2024-2025,inscrit,4,3
2430,838,2020-2021,,4,1
2431,838,2021-2022,inscrit,4,2
2432,838,2022-2023,inscrit,4,3
2433,838,2023-2024,inscrit,4,4
2434,838,2024-2025,inscrit,4,5
2435,839,2020-2021,inscrit,4,1
2436,839,2021-2022,inscrit,4,2
2437,839,2022-2023,inscrit,4,3
2438,839,2023-2024,inscrit,4,4
2439,839,2024-2025,inscrit,4,5
2440,840,2020-2021,inscrit,4,1
2441,840,2021-2022,inscrit,4,2
2442,840,2022-2023,inscrit,4,3
2443,840,2023-2024,inscrit,4,4
2444,840,2024-2025,inscrit,4,5
2445,841,2023-2024,inscrit,4,1
2446,841,2024-2025,inscrit,4,2
2447,842,2021-2022,inscrit,4,1
2448,842,2022-2023,inscrit,4,2
2449,842,2023-2024,inscrit,4,3
2450,842,2024-2025,inscrit,4,4
2451,843,2020-2021,inscrit,4,1
2452,843,2021-2022,inscrit,4,2
2453,843,2022-2023,inscrit,4,3
2454,843,2023-2024,inscrit,4,4
2455,843,2024-2025,inscrit,4,5
2456,844,2023-2024,inscrit,4,1
2457,844,2024-2025,inscrit,4,2
2458,845,2024-2025,inscrit,4,1
2459,846,2022-2023,inscrit,4,1
2460,846,2023-2024,,4,2
2461,846,2024-2025,inscrit,4,3
2462,847,2022-2023,inscrit,4,1
2463,847,2023-2024,inscrit,4,2
2464,847,2024-2025,inscrit,4,3
2465,848,2024-2025,inscrit,4,1
2466,849,2021-2022,inscrit,4,1
2467,849,2022-2023,inscrit,4,2
2468,849,2023-2024,inscrit,4,3
2469,849,2024-2025,inscrit,4,4
2470,850,2021-2022,inscrit,4,1
2471,850,2022-2023,inscrit,4,2
2472,850,2023-2024,inscrit,4,3
2473,850,2024-2025,abandonné,4,4
2474,851,2022-2023,inscrit,4,1
2475,851,2023-2024,inscrit,4,2
2476,851,2024-2025,inscrit,4,3
2477,852,2022-2023,inscrit,4,1
2478,852,2023-2024,inscrit,4,2
2479,852,2024-2025,inscrit,4,3
2480,853,2023-2024,inscrit,4,1
2481,853,2024-2025,inscrit,4,2
2482,854,2020-2021,inscrit,4,1
2483,854,2021-2022,inscrit,4,2
2484,854,2022-2023,inscrit,4,3
2485,854,2023-2024,abandonné,4,4
2486,854,2024-2025,inscrit,4,5
2487,855,2023-2024,inscrit,4,1
2488,855,2024-2025,inscrit,4,2
2489,856,2022-2023,inscrit,4,1
2490,856,2023-2024,inscrit,4,2
2491,856,2024-2025,inscrit,4,3
2492,857,2024-2025,inscrit,4,1
2493,858,2021-2022,inscrit,4,1
2494,858,2022-2023,inscrit,4,2
2495,858,2023-2024,inscrit,4,3
2496,858,2024-2025,inscrit,4,4
2497,859,2022-2023,inscrit,4,1
2498,859,2023-2024,inscrit,4,2
2499,859,2024-2025,inscrit,4,3
2500,860,2024-2025,inscrit,4,1
2501,861,2024-2025,inscrit,4,1
2502,862,2020-2021,inscrit,4,1
2503,862,2021-2022,inscrit,4,2
2504,862,2022-2023,inscrit,4,3
2505,862,2023-2024,inscrit,4,4
2506,862,2024-2025,inscrit,4,5
2507,863,2020-2021,inscrit,4,1
2508,863,2021-2022,inscrit,4,2
2509,863,2022-2023,inscrit,4,3
2510,863,2023-2024,abandonné,4,4
2511,863,2024-2025,inscrit,4,5
2512,864,2020-2021,inscrit,4,1
2513,864,2021-2022,inscrit,4,2
2514,864,2022-2023,inscrit,4,3
2515,864,2023-2024,inscrit,4,4
2516,864,2024-2025,inscrit,4,5
2517,865,2024-2025,inscrit,4,1
2518,866,2022-2023,inscrit,4,1
2519,866,2023-2024,inscrit,4,2
2520,866,2024-2025,inscrit,4,3
2521,867,2023-2024,inscrit,4,1
2522,867,2024-2025,inscrit,4,2
2523,868,2022-2023,inscrit,4,1
2524,868,2023-2024,inscrit,4,2
2525,868,2024-2025,inscrit,4,3
2526,869,2022-2023,inscrit,4,1
2527,869,2023-2024,inscrit,4,2
2528,869,2024-2025,inscrit,4,3
2529,870,2020-2021,inscrit,4,1
2530,870,2021-2022,inscrit,4,2
2531,870,2022-2023,inscrit,4,3
2532,870,2023-2024,inscrit,4,4
2533,870,2024-2025,inscrit,4,5
2534,871,2024-2025,inscrit,4,1
2535,872,2023-2024,inscrit,4,1
2536,872,2024-2025,inscrit,4,2
2537,873,2021-2022,inscrit,4,1
2538,873,2022-2023,abandonné,4,2
2539,873,2023-2024,inscrit,4,3
2540,873,2024-2025,inscrit,4,4
2541,874,2022-2023,inscrit,4,1
2542,874,2023-2024,inscrit,4,2
2543,874,2024-2025,inscrit,4,3
2544,875,2023-2024,inscrit,4,1
2545,875,2024-2025,inscrit,4,2
2546,876,2023-2024,inscrit,4,1
2547,876,2024-2025,inscrit,4,2
2548,877,2022-2023,inscrit,4,1
2549,877,2023-2024,inscrit,4,2
2550,877,2024-2025,inscrit,4,3
2551,878,2022-2023,inscrit,4,1
2552,878,2023-2024,inscrit,4,2
2553,878,2024-2025,inscrit,4,3
2554,879,2020-2021,inscrit,4,1
2555,879,2021-2022,inscrit,4,2
2556,879,2022-2023,abandonné,4,3
2557,879,2023-2024,inscrit,4,4
2558,879,2024-2025,inscrit,4,5
2559,880,2023-2024,inscrit,4,1
2560,880,2024-2025,inscrit,4,2
2561,881,2022-2023,inscrit,4,1
2562,881,2023-2024,inscrit,4,2
2563,881,2024-2025,inscrit,4,3
2564,882,2020-2021,inscrit,4,1
2565,882,2021-2022,inscrit,4,2
2566,882,2022-2023,inscrit,4,3
2567,882,2023-2024,inscrit,4,4
2568,882,2024-2025,inscrit,4,5
2569,883,2022-2023,inscrit,4,1
2570,883,2023-2024,inscrit,4,2
2571,883,2024-2025,inscrit,4,3
2572,884,2024-2025,inscrit,4,1
2573,885,2024-2025,inscrit,4,1
2574,886,2020-2021,inscrit,4,1
2575,886,2021-2022,inscrit,4,2
2576,886,2022-2023,abandonné,4,3
2577,886,2023-2024,inscrit,4,4
2578,886,2024-2025,inscrit,4,5
2579,887,2022-2023,inscrit,4,1
2580,887,2023-2024,inscrit,4,2
2581,887,2024-2025,inscrit,4,3
2582,888,2022-2023,inscrit,4,1
2583,888,2023-2024,inscrit,4,2
2584,888,2024-2025,inscrit,4,3
2585,889,2023-2024,inscrit,4,1
2586,889,2024-2025,inscrit,4,2
2587,890,2022-2023,inscrit,4,1
2588,890,2023-2024,inscrit,4,2
2589,890,2024-2025,inscrit,4,3
2590,891,2023-2024,inscrit,4,1
2591,891,2024-2025,inscrit,4,2
2592,892,2023-2024,inscrit,4,1
2593,892,2024-2025,inscrit,4,2
2594,893,2022-2023,inscrit,4,1
2595,893,2023-2024,inscrit,4,2
2596,893,2024-2025,inscrit,4,3
2597,894,2023-2024,inscrit,4,1
2598,894,2024-2025,inscrit,4,2
2599,895,2024-2025,inscrit,4,1
2600,896,2023-2024,inscrit,4,1
2601,896,2024-2025,inscrit,4,2
2602,897,2023-2024,inscrit,4,1
2603,897,2024-2025,inscrit,4,2
2604,898,2021-2022,inscrit,4,1
2605,898,2022-2023,inscrit,4,2
2606,898,2023-2024,inscrit,4,3
2607,898,2024-2025,inscrit,4,4
2608,899,2022-2023,inscrit,4,1
2609,899,2023-2024,inscrit,4,2
2610,899,2024-2025,inscrit,4,3
2611,900,2022-2023,inscrit,4,1
2612,900,2023-2024,inscrit,4,2
2613,900,2024-2025,inscrit,4,3
2614,901,2021-2022,inscrit,4,1
2615,901,2022-2023,inscrit,4,2
2616,901,2023-2024,inscrit,4,3
2617,901,2024-2025,inscrit,4,4
2618,902,2020-2021,inscrit,4,1
2619,902,2021-2022,inscrit,4,2
2620,902,2022-2023,inscrit,4,3
2621,902,2023-2024,inscrit,4,4
2622,902,2024-2025,,4,5
2623,903,2022-2023,inscrit,4,1
2624,903,2023-2024,inscrit,4,2
2625,903,2024-2025,inscrit,4,3
2626,904,2023-2024,inscrit,4,1
2627,904,2024-2025,inscrit,4,2
2628,905,2022-2023,inscrit,4,1
2629,905,2023-2024,inscrit,4,2
2630,905,2024-2025,abandonné,4,3
2631,906,2021-2022,inscrit,4,1
2632,906,2022-2023,inscrit,4,2
2633,906,2023-2024,inscrit,4,3
2634,906,2024-2025,inscrit,4,4
2635,907,2020-2021,inscrit,4,1
2636,907,2021-2022,inscrit,4,2
2637,907,2022-2023,inscrit,4,3
2638,907,2023-2024,inscrit,4,4
2639,907,2024-2025,inscrit,4,5
2640,908,2022-2023,inscrit,4,1
2641,908,2023-2024,inscrit,4,2
2642,908,2024-2025,inscrit,4,3
2643,909,2021-2022,inscrit,4,1
2644,909,2022-2023,inscrit,4,2
2645,909,2023-2024,inscrit,4,3
2646,909,2024-2025,inscrit,4,4
2647,910,2024-2025,inscrit,4,1
2648,911,2020-2021,inscrit,4,1
2649,911,2021-2022,inscrit,4,2
2650,911,2022-2023,inscrit,4,3
2651,911,2023-2024,inscrit,4,4
2652,911,2024-2025,inscrit,4,5
2653,912,2021-2022,inscrit,4,1
2654,912,2022-2023,inscrit,4,2
2655,912,2023-2024,inscrit,4,3
2656,912,2024-2025,inscrit,4,4
2657,913,2024-2025,inscrit,4,1
2658,914,2022-2023,inscrit,4,1
2659,914,2023-2024,inscrit,4,2
2660,914,2024-2025,inscrit,4,3
2661,915,2023-2024,inscrit,4,1
2662,915,2024-2025,inscrit,4,2
2663,916,2022-2023,inscrit,4,1
2664,916,2023-2024,inscrit,4,2
2665,916,2024-2025,inscrit,4,3
2666,917,2021-2022,inscrit,4,1
2667,917,2022-2023,inscrit,4,2
2668,917,2023-2024,inscrit,4,3
2669,917,2024-2025,,4,4
2670,918,2024-2025,inscrit,4,1
2671,919,2022-2023,inscrit,4,1
2672,919,2023-2024,inscrit,4,2
2673,919,2024-2025,inscrit,4,3
2674,920,2021-2022,inscrit,4,1
2675,920,2022-2023,inscrit,4,2
2676,920,2023-2024,inscrit,4,3
2677,920,2024-2025,inscrit,4,4
2678,921,2021-2022,inscrit,4,1
2679,921,2022-2023,inscrit,4,2
2680,921,2023-2024,inscrit,4,3
2681,921,2024-2025,inscrit,4,4
2682,922,2024-2025,inscrit,4,1
2683,923,2023-2024,inscrit,4,1
2684,923,2024-2025,inscrit,4,2
2685,924,2024-2025,inscrit,4,1
2686,925,2024-2025,,4,1
2687,926,2020-2021,inscrit,4,1
2688,926,2021-2022,inscrit,4,2
2689,926,2022-2023,inscrit,4,3
2690,926,2023-2024,,4,4
2691,926,2024-2025,inscrit,4,5
2692,927,2021-2022,inscrit,4,1
2693,927,2022-2023,,4,2
2694,927,2023-2024,inscrit,4,3
2695,927,2024-2025,inscrit,4,4
2696,928,2024-2025,inscrit,4,1
2697,929,2022-2023,inscrit,4,1
2698,929,2023-2024,inscrit,4,2
2699,929,2024-2025,inscrit,4,3
2700,930,2023-2024,inscrit,4,1
2701,930,2024-2025,inscrit,4,2
2702,931,2023-2024,inscrit,4,1
2703,931,2024-2025,abandonné,4,2
2704,932,2020-2021,inscrit,4,1
2705,932,2021-2022,inscrit,4,2
2706,932,2022-2023,inscrit,4,3
2707,932,2023-2024,inscrit,4,4
2708,932,2024-2025,inscrit,4,5
2709,933,2024-2025,inscrit,4,1
2710,934,2023-2024,inscrit,4,1
2711,934,2024-2025,inscrit,4,2
2712,935,2022-2023,inscrit,4,1
2713,935,2023-2024,inscrit,4,2
2714,935,2024-2025,inscrit,4,3
2715,936,2023-2024,inscrit,4,1
2716,936,2024-2025,inscrit,4,2
2717,937,2024-2025,inscrit,4,1
2718,938,2020-2021,inscrit,4,1
2719,938,2021-2022,inscrit,4,2
2720,938,2022-2023,inscrit,4,3
2721,938,2023-2024,inscrit,4,4
2722,938,2024-2025,inscrit,4,5
2723,939,2020-2021,inscrit,4,1
2724,939,2021-2022,inscrit,4,2
2725,939,2022-2023,inscrit,4,3
2726,939,2023-2024,inscrit,4,4
2727,939,2024-2025,inscrit,4,5
2728,940,2021-2022,inscrit,4,1
2729,940,2022-2023,inscrit,4,2
2730,940,2023-2024,inscrit,4,3
2731,940,2024-2025,inscrit,4,4
2732,941,2023-2024,inscrit,4,1
2733,941,2024-2025,inscrit,4,2
2734,942,2020-2021,inscrit,4,1
2735,942,2021-2022,inscrit,4,2
2736,942,2022-2023,inscrit,4,3
2737,942,2023-2024,inscrit,4,4
2738,942,2024-2025,inscrit,4,5
2739,943,2022-2023,inscrit,4,1
2740,943,2023-2024,inscrit,4,2
2741,943,2024-2025,inscrit,4,3
2742,944,2024-2025,inscrit,4,1
2743,945,2022-2023,inscrit,4,1
2744,945,2023-2024,,4,2
2745,945,2024-2025,inscrit,4,3
2746,946,2024-2025,inscrit,4,1
2747,947,2020-2021,,4,1
2748,947,2021-2022,inscrit,4,2
2749,947,2022-2023,inscrit,4,3
2750,947,2023-2024,inscrit,4,4
2751,947,2024-2025,inscrit,4,5
2752,948,2023-2024,inscrit,4,1
2753,948,2024-2025,inscrit,4,2
2754,949,2022-2023,inscrit,4,1
2755,949,2023-2024,inscrit,4,2
2756,949,2024-2025,inscrit,4,3
2757,950,2020-2021,inscrit,4,1
2758,950,2021-2022,inscrit,4,2
2759,950,2022-2023,inscrit,4,3
2760,950,2023-2024,abandonné,4,4
2761,950,2024-2025,inscrit,4,5
2762,951,2022-2023,inscrit,4,1
2763,951,2023-2024,inscrit,4,2
2764,951,2024-2025,inscrit,4,3
2765,952,2022-2023,inscrit,4,1
2766,952,2023-2024,inscrit,4,2
2767,952,2024-2025,inscrit,4,3
2768,953,2022-2023,inscrit,4,1
2769,953,2023-2024,inscrit,4,2
2770,953,2024-2025,inscrit,4,3
2771,954,2022-2023,inscrit,4,1
2772,954,2023-2024,inscrit,4,2
2773,954,2024-2025,inscrit,4,3
2774,955,2023-2024,inscrit,4,1
2775,955,2024-2025,inscrit,4,2
2776,956,2023-2024,inscrit,4,1
2777,956,2024-2025,inscrit,4,2
2778,957,2023-2024,inscrit,4,1
2779,957,2024-2025,inscrit,4,2
2780,958,2020-2021,inscrit,4,1
2781,958,2021-2022,inscrit,4,2
2782,958,2022-2023,inscrit,4,3
2783,958,2023-2024,inscrit,4,4
2784,958,2024-2025,inscrit,4,5
2785,959,2022-2023,inscrit,4,1
2786,959,2023-2024,inscrit,4,2
2787,959,2024-2025,inscrit,4,3
2788,960,2022-2023,inscrit,4,1
2789,960,2023-2024,inscrit,4,2
2790,960,2024-2025,inscrit,4,3
2791,961,2021-2022,inscrit,4,1
2792,961,2022-2023,inscrit,4,2
2793,961,2023-2024,inscrit,4,3
2794,961,2024-2025,inscrit,4,4
2795,962,2021-2022,inscrit,4,1
2796,962,2022-2023,inscrit,4,2
2797,962,2023-2024,inscrit,4,3
2798,962,2024-2025,inscrit,4,4
2799,963,2021-2022,inscrit,4,1
2800,963,2022-2023,inscrit,4,2
2801,963,2023-2024,inscrit,4,3
2802,963,2024-2025,inscrit,4,4
2803,964,2020-2021,inscrit,4,1
2804,964,2021-2022,inscrit,4,2
2805,964,2022-2023,,4,3
2806,964,2023-2024,inscrit,4,4
2807,964,2024-2025,inscrit,4,5
2808,965,2023-2024,inscrit,4,1
2809,965,2024-2025,inscrit,4,2
2810,966,2022-2023,inscrit,4,1
2811,966,2023-2024,inscrit,4,2
2812,966,2024-2025,abandonné,4,3
2813,967,2022-2023,inscrit,4,1
2814,967,2023-2024,inscrit,4,2
2815,967,2024-2025,inscrit,4,3
2816,968,2024-2025,inscrit,4,1
2817,969,2021-2022,inscrit,4,1
2818,969,2022-2023,inscrit,4,2
2819,969,2023-2024,inscrit,4,3
2820,969,2024-2025,inscrit,4,4
2821,970,2022-2023,inscrit,4,1
2822,970,2023-2024,inscrit,4,2
2823,970,2024-2025,inscrit,4,3
2824,971,2022-2023,inscrit,4,1
2825,971,2023-2024,inscrit,4,2
2826,971,2024-2025,inscrit,4,3
2827,972,2023-2024,inscrit,4,1
2828,972,2024-2025,inscrit,4,2
2829,973,2024-2025,inscrit,4,1
2830,974,2022-2023,inscrit,4,1
2831,974,2023-2024,inscrit,4,2
2832,974,2024-2025,inscrit,4,3
2833,975,2020-2021,inscrit,4,1
2834,975,2021-2022,inscrit,4,2
2835,975,2022-2023,inscrit,4,3
2836,975,2023-2024,inscrit,4,4
2837,975,2024-2025,inscrit,4,5
2838,976,2022-2023,inscrit,4,1
2839,976,2023-2024,inscrit,4,2
2840,976,2024-2025,inscrit,4,3
2841,977,2020-2021,inscrit,4,1
2842,977,2021-2022,inscrit,4,2
2843,977,2022-2023,inscrit,4,3
2844,977,2023-2024,inscrit,4,4
2845,977,2024-2025,inscrit,4,5
2846,978,2021-2022,inscrit,4,1
2847,978,2022-2023,inscrit,4,2
2848,978,2023-2024,inscrit,4,3
2849,978,2024-2025,inscrit,4,4
2850,979,2024-2025,inscrit,4,1
2851,980,2023-2024,inscrit,4,1
2852,980,2024-2025,inscrit,4,2
2853,981,2024-2025,inscrit,4,1
2854,982,2021-2022,inscrit,4,1
2855,982,2022-2023,inscrit,4,2
2856,982,2023-2024,inscrit,4,3
2857,982,2024-2025,abandonné,4,4
2858,983,2022-2023,inscrit,4,1
2859,983,2023-2024,inscrit,4,2
2860,983,2024-2025,inscrit,4,3
2861,984,2021-2022,inscrit,4,1
2862,984,2022-2023,inscrit,4,2
2863,984,2023-2024,inscrit,4,3
2864,984,2024-2025,inscrit,4,4
2865,985,2024-2025,inscrit,4,1
2866,986,2022-2023,inscrit,4,1
2867,986,2023-2024,inscrit,4,2
2868,986,2024-2025,inscrit,4,3
2869,987,2023-2024,inscrit,4,1
2870,987,2024-2025,inscrit,4,2
2871,988,2022-2023,inscrit,4,1
2872,988,2023-2024,inscrit,4,2
2873,988,2024-2025,inscrit,4,3
2874,989,2020-2021,inscrit,4,1
2875,989,2021-2022,inscrit,4,2
2876,989,2022-2023,inscrit,4,3
2877,989,2023-2024,inscrit,4,4
2878,989,2024-2025,inscrit,4,5
2879,990,2024-2025,inscrit,4,1
2880,991,2020-2021,inscrit,4,1
2881,991,2021-2022,inscrit,4,2
2882,991,2022-2023,inscrit,4,3
2883,991,2023-2024,inscrit,4,4
2884,991,2024-2025,inscrit,4,5
2885,992,2023-2024,inscrit,4,1
2886,992,2024-2025,inscrit,4,2
2887,993,2022-2023,inscrit,4,1
2888,993,2023-2024,inscrit,4,2
2889,993,2024-2025,inscrit,4,3
2890,994,2023-2024,inscrit,4,1
2891,994,2024-2025,inscrit,4,2
2892,995,2022-2023,inscrit,4,1
2893,995,2023-2024,abandonné,4,2
2894,995,2024-2025,inscrit,4,3
2895,996,2020-2021,inscrit,4,1
2896,996,2021-2022,inscrit,4,2
2897,996,2022-2023,inscrit,4,3
2898,996,2023-2024,inscrit,4,4
2899,996,2024-2025,inscrit,4,5
2900,997,2022-2023,inscrit,4,1
2901,997,2023-2024,inscrit,4,2
2902,997,2024-2025,inscrit,4,3
2903,998,2021-2022,inscrit,4,1
2904,998,2022-2023,inscrit,4,2
2905,998,2023-2024,inscrit,4,3
2906,998,2024-2025,inscrit,4,4
2907,999,2020-2021,inscrit,4,1
2908,999,2021-2022,inscrit,4,2
2909,999,2022-2023,inscrit,4,3
2910,999,2023-2024,inscrit,4,4
2911,999,2024-2025,inscrit,4,5
2912,1000,2024-2025,inscrit,4,1
2913,1001,2021-2022,inscrit,4,1
2914,1001,2022-2023,inscrit,4,2
2915,1001,2023-2024,inscrit,4,3
2916,1001,2024-2025,inscrit,4,4
2917,1002,2023-2024,,4,1
2918,1002,2024-2025,inscrit,4,2
2919,1003,2020-2021,inscrit,4,1
2920,1003,2021-2022,inscrit,4,2
2921,1003,2022-2023,inscrit,4,3
2922,1003,2023-2024,inscrit,4,4
2923,1003,2024-2025,inscrit,4,5
2924,1004,2022-2023,inscrit,4,1
2925,1004,2023-2024,inscrit,4,2
2926,1004,2024-2025,inscrit,4,3
2927,1005,2024-2025,inscrit,4,1
2928,1006,2024-2025,inscrit,4,1
2929,1007,2022-2023,inscrit,4,1
2930,1007,2023-2024,inscrit,4,2
2931,1007,2024-2025,inscrit,4,3
2932,1008,2020-2021,inscrit,4,1
2933,1008,2021-2022,inscrit,4,2
2934,1008,2022-2023,inscrit,4,3
2935,1008,2023-2024,inscrit,4,4
2936,1008,2024-2025,inscrit,4,5
2937,1009,2023-2024,inscrit,4,1
2938,1009,2024-2025,inscrit,4,2
2939,1010,2021-2022,inscrit,4,1
2940,1010,2022-2023,inscrit,4,2
2941,1010,2023-2024,inscrit,4,3
2942,1010,2024-2025,inscrit,4,4
2943,1011,2021-2022,inscrit,4,1
2944,1011,2022-2023,inscrit,4,2
2945,1011,2023-2024,inscrit,4,3
2946,1011,2024-2025,inscrit,4,4
2947,1012,2022-2023,inscrit,4,1
2948,1012,2023-2024,inscrit,4,2
2949,1012,2024-2025,inscrit,4,3
2950,1013,2021-2022,inscrit,4,1
2951,1013,2022-2023,inscrit,4,2
2952,1013,2023-2024,inscrit,4,3
2953,1013,2024-2025,inscrit,4,4
2954,1014,2024-2025,inscrit,4,1
2955,1015,2022-2023,inscrit,4,1
2956,1015,2023-2024,inscrit,4,2
2957,1015,2024-2025,inscrit,4,3
2958,1016,2022-2023,inscrit,4,1
2959,1016,2023-2024,inscrit,4,2
2960,1016,2024-2025,inscrit,4,3
2961,1017,2021-2022,inscrit,4,1
2962,1017,2022-2023,inscrit,4,2
2963,1017,2023-2024,inscrit,4,3
2964,1017,2024-2025,inscrit,4,4
2965,1018,2024-2025,inscrit,4,1
2966,1019,2020-2021,inscrit,4,1
2967,1019,2021-2022,inscrit,4,2
2968,1019,2022-2023,inscrit,4,3
2969,1019,2023-2024,,4,4
2970,1019,2024-2025,inscrit,4,5
2971,1020,2024-2025,inscrit,4,1
2972,1021,2020-2021,inscrit,4,1
2973,1021,2021-2022,inscrit,4,2
2974,1021,2022-2023,inscrit,4,3
2975,1021,2023-2024,abandonné,4,4
2976,1021,2024-2025,inscrit,4,5
2977,1022,2023-2024,inscrit,4,1
2978,1022,2024-2025,inscrit,4,2
2979,1023,2021-2022,inscrit,4,1
2980,1023,2022-2023,,4,2
2981,1023,2023-2024,inscrit,4,3
2982,1023,2024-2025,inscrit,4,4
2983,1024,2024-2025,inscrit,4,1
2984,1025,2022-2023,inscrit,4,1
2985,1025,2023-2024,inscrit,4,2
2986,1025,2024-2025,inscrit,4,3
2987,1026,2024-2025,inscrit,4,1
2988,1027,2022-2023,inscrit,4,1
2989,1027,2023-2024,inscrit,4,2
2990,1027,2024-2025,,4,3
2991,1028,2023-2024,inscrit,4,1
2992,1028,2024-2025,inscrit,4,2
2993,1029,2022-2023,inscrit,4,1
2994,1029,2023-2024,inscrit,4,2
2995,1029,2024-2025,inscrit,4,3
2996,1030,2021-2022,inscrit,4,1
2997,1030,2022-2023,inscrit,4,2
2998,1030,2023-2024,inscrit,4,3
2999,1030,2024-2025,inscrit,4,4
3000,1031,2021-2022,inscrit,4,1
3001,1031,2022-2023,inscrit,4,2
3002,1031,2023-2024,inscrit,4,3
3003,1031,2024-2025,inscrit,4,4
3004,1032,2022-2023,inscrit,4,1
3005,1032,2023-2024,inscrit,4,2
3006,1032,2024-2025,inscrit,4,3
3007,1033,2022-2023,inscrit,4,1
3008,1033,2023-2024,inscrit,4,2
3009,1033,2024-2025,inscrit,4,3
3010,1034,2023-2024,inscrit,4,1
3011,1034,2024-2025,inscrit,4,2
3012,1035,2021-2022,inscrit,4,1
3013,1035,2022-2023,,4,2
3014,1035,2023-2024,inscrit,4,3
3015,1035,2024-2025,inscrit,4,4
3016,1036,2024-2025,inscrit,4,1
3017,1037,2023-2024,inscrit,4,1
3018,1037,2024-2025,,4,2
3019,1038,2021-2022,inscrit,4,1
3020,1038,2022-2023,inscrit,4,2
3021,1038,2023-2024,inscrit,4,3
3022,1038,2024-2025,abandonné,4,4
3023,1039,2022-2023,,4,1
3024,1039,2023-2024,inscrit,4,2
3025,1039,2024-2025,inscrit,4,3
3026,1040,2024-2025,inscrit,4,1
3027,1041,2024-2025,inscrit,4,1
3028,1042,2020-2021,inscrit,4,1
3029,1042,2021-2022,inscrit,4,2
3030,1042,2022-2023,inscrit,4,3
3031,1042,2023-2024,inscrit,4,4
3032,1042,2024-2025,inscrit,4,5
3033,1043,2020-2021,inscrit,4,1
3034,1043,2021-2022,inscrit,4,2
3035,1043,2022-2023,inscrit,4,3
3036,1043,2023-2024,inscrit,4,4
3037,1043,2024-2025,inscrit,4,5
3038,1044,2020-2021,inscrit,4,1
3039,1044,2021-2022,inscrit,4,2
3040,1044,2022-2023,inscrit,4,3
3041,1044,2023-2024,inscrit,4,4
3042,1044,2024-2025,inscrit,4,5
3043,1045,2024-2025,inscrit,4,1
3044,1046,2023-2024,inscrit,4,1
3045,1046,2024-2025,inscrit,4,2
3046,1047,2022-2023,inscrit,4,1
3047,1047,2023-2024,inscrit,4,2
3048,1047,2024-2025,inscrit,4,3
3049,1048,2023-2024,inscrit,4,1
3050,1048,2024-2025,inscrit,4,2
3051,1049,2022-2023,inscrit,4,1
3052,1049,2023-2024,inscrit,4,2
3053,1049,2024-2025,inscrit,4,3
3054,1050,2023-2024,inscrit,4,1
3055,1050,2024-2025,inscrit,4,2
3056,1051,2024-2025,inscrit,4,1
3057,1052,2020-2021,inscrit,4,1
3058,1052,2021-2022,inscrit,4,2
3059,1052,2022-2023,inscrit,4,3
3060,1052,2023-2024,inscrit,4,4
3061,1052,2024-2025,inscrit,4,5
3062,1053,2022-2023,inscrit,4,1
3063,1053,2023-2024,abandonné,4,2
3064,1053,2024-2025,inscrit,4,3
3065,1054,2022-2023,inscrit,4,1
3066,1054,2023-2024,inscrit,4,2
3067,1054,2024-2025,inscrit,4,3
3068,1055,2021-2022,inscrit,4,1
3069,1055,2022-2023,inscrit,4,2
3070,1055,2023-2024,inscrit,4,3
3071,1055,2024-2025,inscrit,4,4
3072,1056,2021-2022,inscrit,4,1
3073,1056,2022-2023,inscrit,4,2
3074,1056,2023-2024,inscrit,4,3
3075,1056,2024-2025,inscrit,4,4
3076,1057,2022-2023,inscrit,4,1
3077,1057,2023-2024,inscrit,4,2
3078,1057,2024-2025,inscrit,4,3
3079,1058,2023-2024,inscrit,4,1
3080,1058,2024-2025,inscrit,4,2
3081,1059,2022-2023,inscrit,4,1
3082,1059,2023-2024,inscrit,4,2
3083,1059,2024-2025,inscrit,4,3
3084,1060,2023-2024,inscrit,4,1
3085,1060,2024-2025,inscrit,4,2
3086,1061,2024-2025,inscrit,5,1
3087,1062,2021-2022,inscrit,5,1
3088,1062,2022-2023,inscrit,5,2
3089,1062,2023-2024,inscrit,5,3
3090,1062,2024-2025,inscrit,5,4
3091,1063,2022-2023,inscrit,5,1
3092,1063,2023-2024,,5,2
3093,1063,2024-2025,inscrit,5,3
3094,1064,2020-2021,inscrit,5,1
3095,1064,2021-2022,inscrit,5,2
3096,1064,2022-2023,inscrit,5,3
3097,1064,2023-2024,inscrit,5,4
3098,1064,2024-2025,inscrit,5,5
3099,1065,2021-2022,inscrit,5,1
3100,1065,2022-2023,inscrit,5,2
3101,1065,2023-2024,abandonné,5,3
3102,1065,2024-2025,inscrit,5,4
3103,1066,2024-2025,inscrit,5,1
3104,1067,2021-2022,inscrit,5,1
3105,1067,2022-2023,inscrit,5,2
3106,1067,2023-2024,inscrit,5,3
3107,1067,2024-2025,inscrit,5,4
3108,1068,2023-2024,inscrit,5,1
3109,1068,2024-2025,inscrit,5,2
3110,1069,2022-2023,inscrit,5,1
3111,1069,2023-2024,inscrit,5,2
3112,1069,2024-2025,abandonné,5,3
3113,1070,2023-2024,,5,1
3114,1070,2024-2025,inscrit,5,2
3115,1071,2022-2023,,5,1
3116,1071,2023-2024,inscrit,5,2
3117,1071,2024-2025,inscrit,5,3
3118,1072,2022-2023,inscrit,5,1
3119,1072,2023-2024,inscrit,5,2
3120,1072,2024-2025,inscrit,5,3
3121,1073,2024-2025,inscrit,5,1
3122,1074,2022-2023,inscrit,5,1
3123,1074,2023-2024,inscrit,5,2
3124,1074,2024-2025,inscrit,5,3
3125,1075,2023-2024,inscrit,5,1
3126,1075,2024-2025,inscrit,5,2
3127,1076,2021-2022,inscrit,5,1
3128,1076,2022-2023,inscrit,5,2
3129,1076,2023-2024,inscrit,5,3
3130,1076,2024-2025,inscrit,5,4
3131,1077,2023-2024,inscrit,5,1
3132,1077,2024-2025,inscrit,5,2
3133,1078,2024-2025,inscrit,5,1
3134,1079,2023-2024,inscrit,5,1
3135,1079,2024-2025,inscrit,5,2
3136,1080,2024-2025,inscrit,5,1
3137,1081,2021-2022,inscrit,5,1
3138,1081,2022-2023,inscrit,5,2
3139,1081,2023-2024,inscrit,5,3
3140,1081,2024-2025,inscrit,5,4
3141,1082,2022-2023,inscrit,5,1
3142,1082,2023-2024,inscrit,5,2
3143,1082,2024-2025,inscrit,5,3
3144,1083,2021-2022,inscrit,5,1
3145,1083,2022-2023,inscrit,5,2
3146,1083,2023-2024,inscrit,5,3
3147,1083,2024-2025,inscrit,5,4
3148,1084,2020-2021,inscrit,5,1
3149,1084,2021-2022,inscrit,5,2
3150,1084,2022-2023,inscrit,5,3
3151,1084,2023-2024,,5,4
3152,1084,2024-2025,inscrit,5,5
3153,1085,2023-2024,inscrit,5,1
3154,1085,2024-2025,inscrit,5,2
3155,1086,2021-2022,inscrit,5,1
3156,1086,2022-2023,inscrit,5,2
3157,1086,2023-2024,inscrit,5,3
3158,1086,2024-2025,inscrit,5,4
3159,1087,2023-2024,inscrit,5,1
3160,1087,2024-2025,inscrit,5,2
3161,1088,2024-2025,inscrit,5,1
3162,1089,2020-2021,inscrit,5,1
3163,1089,2021-2022,inscrit,5,2
3164,1089,2022-2023,inscrit,5,3
3165,1089,2023-2024,inscrit,5,4
3166,1089,2024-2025,inscrit,5,5
3167,1090,2024-2025,inscrit,5,1
3168,1091,2023-2024,inscrit,5,1
3169,1091,2024-2025,inscrit,5,2
3170,1092,2022-2023,inscrit,5,1
3171,1092,2023-2024,inscrit,5,2
3172,1092,2024-2025,inscrit,5,3
3173,1093,2022-2023,inscrit,5,1
3174,1093,2023-2024,inscrit,5,2
3175,1093,2024-2025,inscrit,5,3
3176,1094,2021-2022,inscrit,5,1
3177,1094,2022-2023,inscrit,5,2
3178,1094,2023-2024,inscrit,5,3
3179,1094,2024-2025,inscrit,5,4
3180,1095,2024-2025,inscrit,5,1
3181,1096,2021-2022,inscrit,5,1
3182,1096,2022-2023,inscrit,5,2
3183,1096,2023-2024,inscrit,5,3
3184,1096,2024-2025,inscrit,5,4
3185,1097,2024-2025,inscrit,5,1
3186,1098,2020-2021,inscrit,5,1
3187,1098,2021-2022,,5,2
3188,1098,2022-2023,inscrit,5,3
3189,1098,2023-2024,inscrit,5,4
3190,1098,2024-2025,inscrit,5,5
3191,1099,2023-2024,inscrit,5,1
3192,1099,2024-2025,inscrit,5,2
3193,1100,2023-2024,inscrit,5,1
3194,1100,2024-2025,inscrit,5,2
3195,1101,2020-2021,inscrit,5,1
3196,1101,2021-2022,inscrit,5,2
3197,1101,2022-2023,inscrit,5,3
3198,1101,2023-2024,inscrit,5,4
3199,1101,2024-2025,inscrit,5,5
3200,1102,2023-2024,inscrit,5,1
3201,1102,2024-2025,inscrit,5,2
3202,1103,2023-2024,inscrit,5,1
3203,1103,2024-2025,inscrit,5,2
3204,1104,2024-2025,inscrit,5,1
3205,1105,2023-2024,inscrit,5,1
3206,1105,2024-2025,inscrit,5,2
3207,1106,2024-2025,inscrit,5,1
3208,1107,2024-2025,inscrit,5,1
3209,1108,2023-2024,inscrit,5,1
3210,1108,2024-2025,inscrit,5,2
3211,1109,2022-2023,inscrit,5,1
3212,1109,2023-2024,inscrit,5,2
3213,1109,2024-2025,inscrit,5,3
3214,1110,2022-2023,,5,1
3215,1110,2023-2024,inscrit,5,2
3216,1110,2024-2025,inscrit,5,3
3217,1111,2022-2023,inscrit,5,1
3218,1111,2023-2024,inscrit,5,2
3219,1111,2024-2025,inscrit,5,3
3220,1112,2023-2024,inscrit,5,1
3221,1112,2024-2025,inscrit,5,2
3222,1113,2023-2024,inscrit,5,1
3223,1113,2024-2025,inscrit,5,2
3224,1114,2020-2021,inscrit,5,1
3225,1114,2021-2022,inscrit,5,2
3226,1114,2022-2023,inscrit,5,3
3227,1114,2023-2024,inscrit,5,4
3228,1114,2024-2025,abandonné,5,5
3229,1115,2024-2025,inscrit,5,1
3230,1116,2023-2024,inscrit,5,1
3231,1116,2024-2025,inscrit,5,2
3232,1117,2022-2023,inscrit,5,1
3233,1117,2023-2024,inscrit,5,2
3234,1117,2024-2025,inscrit,5,3
3235,1118,2022-2023,inscrit,5,1
3236,1118,2023-2024,abandonné,5,2
3237,1118,2024-2025,inscrit,5,3
3238,1119,2023-2024,inscrit,5,1
3239,1119,2024-2025,inscrit,5,2
3240,1120,2023-2024,inscrit,5,1
3241,1120,2024-2025,inscrit,5,2
3242,1121,2022-2023,inscrit,5,1
3243,1121,2023-2024,inscrit,5,2
3244,1121,2024-2025,inscrit,5,3
3245,1122,2023-2024,inscrit,5,1
3246,1122,2024-2025,inscrit,5,2
3247,1123,2020-2021,inscrit,5,1
3248,1123,2021-2022,inscrit,5,2
3249,1123,2022-2023,inscrit,5,3
3250,1123,2023-2024,inscrit,5,4
3251,1123,2024-2025,abandonné,5,5
3252,1124,2024-2025,inscrit,5,1
3253,1125,2021-2022,inscrit,5,1
3254,1125,2022-2023,inscrit,5,2
3255,1125,2023-2024,inscrit,5,3
3256,1125,2024-2025,inscrit,5,4
3257,1126,2024-2025,inscrit,5,1
3258,1127,2020-2021,inscrit,5,1
3259,1127,2021-2022,inscrit,5,2
3260,1127,2022-2023,inscrit,5,3
3261,1127,2023-2024,inscrit,5,4
3262,1127,2024-2025,abandonné,5,5
3263,1128,2022-2023,inscrit,5,1
3264,1128,2023-2024,inscrit,5,2
3265,1128,2024-2025,inscrit,5,3
3266,1129,2024-2025,inscrit,5,1
3267,1130,2021-2022,inscrit,5,1
3268,1130,2022-2023,inscrit,5,2
3269,1130,2023-2024,inscrit,5,3
3270,1130,2024-2025,inscrit,5,4
3271,1131,2021-2022,inscrit,5,1
3272,1131,2022-2023,inscrit,5,2
3273,1131,2023-2024,inscrit,5,3
3274,1131,2024-2025,inscrit,5,4
3275,1132,2021-2022,inscrit,5,1
3276,1132,2022-2023,inscrit,5,2
3277,1132,2023-2024,inscrit,5,3
3278,1132,2024-2025,inscrit,5,4
3279,1133,2024-2025,inscrit,5,1
3280,1134,2024-2025,inscrit,5,1
3281,1135,2022-2023,inscrit,5,1
3282,1135,2023-2024,inscrit,5,2
3283,1135,2024-2025,,5,3
3284,1136,2024-2025,inscrit,5,1
3285,1137,2023-2024,inscrit,5,1
3286,1137,2024-2025,inscrit,5,2
3287,1138,2023-2024,inscrit,5,1
3288,1138,2024-2025,inscrit,5,2
3289,1139,2023-2024,inscrit,5,1
3290,1139,2024-2025,inscrit,5,2
3291,1140,2024-2025,inscrit,5,1
3292,1141,2023-2024,inscrit,5,1
3293,1141,2024-2025,inscrit,5,2
3294,1142,2024-2025,inscrit,5,1
3295,1143,2023-2024,inscrit,5,1
3296,1143,2024-2025,inscrit,5,2
3297,1144,2022-2023,inscrit,5,1
3298,1144,2023-2024,inscrit,5,2
3299,1144,2024-2025,inscrit,5,3
3300,1145,2023-2024,inscrit,5,1
3301,1145,2024-2025,inscrit,5,2
3302,1146,2022-2023,inscrit,5,1
3303,1146,2023-2024,inscrit,5,2
3304,1146,2024-2025,inscrit,5,3
3305,1147,2021-2022,inscrit,5,1
3306,1147,2022-2023,inscrit,5,2
3307,1147,2023-2024,inscrit,5,3
3308,1147,2024-2025,,5,4
3309,1148,2023-2024,inscrit,5,1
3310,1148,2024-2025,inscrit,5,2
3311,1149,2024-2025,inscrit,5,1
3312,1150,2022-2023,inscrit,5,1
3313,1150,2023-2024,inscrit,5,2
3314,1150,2024-2025,inscrit,5,3
3315,1151,2022-2023,inscrit,5,1
3316,1151,2023-2024,inscrit,5,2
3317,1151,2024-2025,inscrit,5,3
3318,1152,2022-2023,inscrit,5,1
3319,1152,2023-2024,inscrit,5,2
3320,1152,2024-2025,inscrit,5,3
3321,1153,2024-2025,inscrit,5,1
3322,1154,2021-2022,inscrit,5,1
3323,1154,2022-2023,inscrit,5,2
3324,1154,2023-2024,inscrit,5,3
3325,1154,2024-2025,abandonné,5,4
3326,1155,2023-2024,inscrit,5,1
3327,1155,2024-2025,inscrit,5,2
3328,1156,2023-2024,inscrit,5,1
3329,1156,2024-2025,inscrit,5,2
3330,1157,2021-2022,inscrit,5,1
3331,1157,2022-2023,inscrit,5,2
3332,1157,2023-2024,inscrit,5,3
3333,1157,2024-2025,inscrit,5,4
3334,1158,2023-2024,inscrit,5,1
3335,1158,2024-2025,inscrit,5,2
3336,1159,2021-2022,inscrit,5,1
3337,1159,2022-2023,inscrit,5,2
3338,1159,2023-2024,inscrit,5,3
3339,1159,2024-2025,inscrit,5,4
3340,1160,2024-2025,inscrit,5,1
3341,1161,2024-2025,inscrit,5,1
3342,1162,2024-2025,inscrit,5,1
3343,1163,2022-2023,inscrit,5,1
3344,1163,2023-2024,inscrit,5,2
3345,1163,2024-2025,,5,3
3346,1164,2023-2024,inscrit,5,1
3347,1164,2024-2025,inscrit,5,2
3348,1165,2022-2023,inscrit,5,1
3349,1165,2023-2024,inscrit,5,2
3350,1165,2024-2025,,5,3
3351,1166,2022-2023,inscrit,5,1
3352,1166,2023-2024,inscrit,5,2
3353,1166,2024-2025,inscrit,5,3
3354,1167,2020-2021,,5,1
3355,1167,2021-2022,inscrit,5,2
3356,1167,2022-2023,inscrit,5,3
3357,1167,2023-2024,inscrit,5,4
3358,1167,2024-2025,inscrit,5,5
3359,1168,2024-2025,inscrit,5,1
3360,1169,2022-2023,inscrit,5,1
3361,1169,2023-2024,inscrit,5,2
3362,1169,2024-2025,inscrit,5,3
3363,1170,2023-2024,inscrit,5,1
3364,1170,2024-2025,inscrit,5,2
3365,1171,2023-2024,inscrit,5,1
3366,1171,2024-2025,inscrit,5,2
3367,1172,2024-2025,inscrit,5,1
3368,1173,2024-2025,inscrit,5,1
3369,1174,2024-2025,inscrit,5,1
3370,1175,2021-2022,inscrit,5,1
3371,1175,2022-2023,inscrit,5,2
3372,1175,2023-2024,inscrit,5,3
3373,1175,2024-2025,inscrit,5,4
3374,1176,2021-2022,inscrit,5,1
3375,1176,2022-2023,inscrit,5,2
3376,1176,2023-2024,inscrit,5,3
3377,1176,2024-2025,inscrit,5,4
3378,1177,2023-2024,inscrit,5,1
3379,1177,2024-2025,inscrit,5,2
3380,1178,2021-2022,inscrit,5,1
3381,1178,2022-2023,inscrit,5,2
3382,1178,2023-2024,inscrit,5,3
3383,1178,2024-2025,abandonné,5,4
3384,1179,2021-2022,inscrit,5,1
3385,1179,2022-2023,inscrit,5,2
3386,1179,2023-2024,inscrit,5,3
3387,1179,2024-2025,inscrit,5,4
3388,1180,2023-2024,inscrit,5,1
3389,1180,2024-2025,inscrit,5,2
3390,1181,2022-2023,inscrit,5,1
3391,1181,2023-2024,inscrit,5,2
3392,1181,2024-2025,inscrit,5,3
3393,1182,2021-2022,inscrit,5,1
3394,1182,2022-2023,inscrit,5,2
3395,1182,2023-2024,abandonné,5,3
3396,1182,2024-2025,inscrit,5,4
3397,1183,2021-2022,inscrit,5,1
3398,1183,2022-2023,inscrit,5,2
3399,1183,2023-2024,inscrit,5,3
3400,1183,2024-2025,inscrit,5,4
3401,1184,2021-2022,inscrit,5,1
3402,1184,2022-2023,inscrit,5,2
3403,1184,2023-2024,inscrit,5,3
3404,1184,2024-2025,inscrit,5,4
3405,1185,2024-2025,inscrit,5,1
3406,1186,2022-2023,inscrit,5,1
3407,1186,2023-2024,inscrit,5,2
3408,1186,2024-2025,inscrit,5,3
3409,1187,2023-2024,inscrit,5,1
3410,1187,2024-2025,,5,2
3411,1188,2023-2024,inscrit,5,1
3412,1188,2024-2025,abandonné,5,2
3413,1189,2024-2025,inscrit,5,1
3414,1190,2023-2024,inscrit,5,1
3415,1190,2024-2025,inscrit,5,2
3416,1191,2023-2024,inscrit,5,1
3417,1191,2024-2025,inscrit,5,2
3418,1192,2021-2022,inscrit,5,1
3419,1192,2022-2023,inscrit,5,2
3420,1192,2023-2024,inscrit,5,3
3421,1192,2024-2025,inscrit,5,4
3422,1193,2021-2022,inscrit,5,1
3423,1193,2022-2023,inscrit,5,2
3424,1193,2023-2024,inscrit,5,3
3425,1193,2024-2025,inscrit,5,4
3426,1194,2024-2025,inscrit,5,1
3427,1195,2024-2025,inscrit,5,1
3428,1196,2023-2024,inscrit,5,1
3429,1196,2024-2025,inscrit,5,2
3430,1197,2023-2024,inscrit,5,1
3431,1197,2024-2025,inscrit,5,2
3432,1198,2024-2025,inscrit,5,1
3433,1199,2021-2022,inscrit,5,1
3434,1199,2022-2023,inscrit,5,2
3435,1199,2023-2024,inscrit,5,3
3436,1199,2024-2025,abandonné,5,4
3437,1200,2021-2022,inscrit,5,1
3438,1200,2022-2023,inscrit,5,2
3439,1200,2023-2024,inscrit,5,3
3440,1200,2024-2025,inscrit,5,4
