id,course_id,room_id,date,heure,annee_universitaire
1,45,5,2020-09-02,10:00,2020-2021
2,26,1,2020-09-04,08:00,2020-2021
3,17,17,2020-09-05,18:00,2020-2021
4,36,8,2020-09-03,10:00,2020-2021
5,32,17,2020-09-05,14:00,2020-2021
6,6,10,2020-09-04,16:00,2020-2021
7,48,2,2020-09-01,18:00,2020-2021
8,65,13,2020-09-02,10:00,2020-2021
9,67,11,2020-09-03,14:00,2020-2021
10,59,6,2020-09-01,14:00,2020-2021
11,38,5,2020-09-02,10:00,2020-2021
12,61,18,2020-09-05,18:00,2020-2021
13,84,4,2020-09-03,18:00,2020-2021
14,70,13,2020-09-03,08:00,2020-2021
15,30,17,2020-09-05,10:00,2020-2021
16,50,2,2020-09-03,14:00,2020-2021
17,75,6,2020-09-03,12:00,2020-2021
18,35,18,2020-09-05,10:00,2020-2021
19,68,15,2020-09-05,16:00,2020-2021
20,22,9,2020-09-02,08:00,2020-2021
21,40,5,2020-09-02,14:00,2020-2021
22,66,13,2020-09-03,16:00,2020-2021
23,51,3,2020-09-02,10:00,2020-2021
24,60,17,2020-09-02,18:00,2020-2021
25,62,10,2020-09-05,08:00,2020-2021
26,3,17,2020-09-02,08:00,2020-2021
27,29,12,2020-09-03,16:00,2020-2021
28,37,16,2020-09-03,10:00,2020-2021
29,27,11,2020-09-04,12:00,2020-2021
30,63,11,2020-09-01,14:00,2020-2021
31,81,14,2020-09-08,12:00,2020-2021
32,2,3,2020-09-09,08:00,2020-2021
33,18,2,2020-09-08,08:00,2020-2021
34,13,4,2020-09-11,16:00,2020-2021
35,44,13,2020-09-11,14:00,2020-2021
36,43,12,2020-09-12,12:00,2020-2021
37,57,10,2020-09-12,08:00,2020-2021
38,67,12,2020-09-09,08:00,2020-2021
39,60,7,2020-09-12,10:00,2020-2021
40,38,6,2020-09-12,10:00,2020-2021
41,28,4,2020-09-11,16:00,2020-2021
42,55,9,2020-09-09,16:00,2020-2021
43,12,17,2020-09-12,08:00,2020-2021
44,50,10,2020-09-11,16:00,2020-2021
45,8,8,2020-09-09,12:00,2020-2021
46,40,14,2020-09-09,08:00,2020-2021
47,16,13,2020-09-11,10:00,2020-2021
48,31,13,2020-09-12,16:00,2020-2021
49,85,2,2020-09-08,10:00,2020-2021
50,45,1,2020-09-12,08:00,2020-2021
51,47,19,2020-09-10,18:00,2020-2021
52,82,18,2020-09-09,18:00,2020-2021
53,5,2,2020-09-11,18:00,2020-2021
54,84,13,2020-09-11,14:00,2020-2021
55,80,5,2020-09-08,14:00,2020-2021
56,71,10,2020-09-12,18:00,2020-2021
57,52,4,2020-09-10,18:00,2020-2021
58,68,20,2020-09-09,08:00,2020-2021
59,58,14,2020-09-09,16:00,2020-2021
60,35,17,2020-09-08,08:00,2020-2021
61,52,12,2020-09-18,16:00,2020-2021
62,36,13,2020-09-15,12:00,2020-2021
63,71,16,2020-09-15,18:00,2020-2021
64,16,14,2020-09-17,08:00,2020-2021
65,18,12,2020-09-17,18:00,2020-2021
66,37,8,2020-09-17,16:00,2020-2021
67,40,14,2020-09-19,10:00,2020-2021
68,74,10,2020-09-15,18:00,2020-2021
69,20,8,2020-09-16,18:00,2020-2021
70,78,13,2020-09-17,08:00,2020-2021
71,41,15,2020-09-15,16:00,2020-2021
72,12,3,2020-09-16,16:00,2020-2021
73,9,4,2020-09-17,12:00,2020-2021
74,77,6,2020-09-17,18:00,2020-2021
75,38,11,2020-09-19,08:00,2020-2021
76,33,1,2020-09-17,18:00,2020-2021
77,29,20,2020-09-15,18:00,2020-2021
78,81,20,2020-09-19,12:00,2020-2021
79,34,9,2020-09-19,14:00,2020-2021
80,58,6,2020-09-17,12:00,2020-2021
81,45,18,2020-09-16,08:00,2020-2021
82,25,9,2020-09-16,12:00,2020-2021
83,80,7,2020-09-16,14:00,2020-2021
84,1,14,2020-09-16,10:00,2020-2021
85,27,20,2020-09-16,18:00,2020-2021
86,86,16,2020-09-16,18:00,2020-2021
87,39,9,2020-09-15,18:00,2020-2021
88,51,3,2020-09-16,10:00,2020-2021
89,46,4,2020-09-19,14:00,2020-2021
90,50,7,2020-09-16,18:00,2020-2021
91,84,20,2020-09-24,12:00,2020-2021
92,11,14,2020-09-23,08:00,2020-2021
93,76,3,2020-09-22,12:00,2020-2021
94,25,3,2020-09-23,08:00,2020-2021
95,80,8,2020-09-23,08:00,2020-2021
96,33,2,2020-09-23,10:00,2020-2021
97,47,16,2020-09-26,10:00,2020-2021
98,53,19,2020-09-24,14:00,2020-2021
99,22,3,2020-09-26,18:00,2020-2021
100,59,11,2020-09-24,18:00,2020-2021
101,79,15,2020-09-24,12:00,2020-2021
102,13,16,2020-09-22,16:00,2020-2021
103,82,20,2020-09-25,12:00,2020-2021
104,70,3,2020-09-22,14:00,2020-2021
105,85,9,2020-09-22,08:00,2020-2021
106,31,10,2020-09-24,08:00,2020-2021
107,30,16,2020-09-22,10:00,2020-2021
108,36,13,2020-09-23,18:00,2020-2021
109,32,4,2020-09-23,10:00,2020-2021
110,62,7,2020-09-22,16:00,2020-2021
111,5,11,2020-09-23,12:00,2020-2021
112,66,2,2020-09-23,16:00,2020-2021
113,24,1,2020-09-23,08:00,2020-2021
114,52,4,2020-09-26,18:00,2020-2021
115,15,13,2020-09-23,18:00,2020-2021
116,56,3,2020-09-23,18:00,2020-2021
117,40,2,2020-09-22,18:00,2020-2021
118,58,19,2020-09-25,18:00,2020-2021
119,55,9,2020-09-26,16:00,2020-2021
120,12,18,2020-09-22,14:00,2020-2021
121,1,15,2020-10-01,18:00,2020-2021
122,62,12,2020-10-03,12:00,2020-2021
123,76,2,2020-09-30,14:00,2020-2021
124,67,5,2020-10-02,16:00,2020-2021
125,78,4,2020-10-02,14:00,2020-2021
126,23,17,2020-10-03,18:00,2020-2021
127,17,6,2020-10-02,08:00,2020-2021
128,27,12,2020-10-02,08:00,2020-2021
129,63,10,2020-10-02,12:00,2020-2021
130,56,20,2020-10-02,14:00,2020-2021
131,69,4,2020-10-02,12:00,2020-2021
132,5,15,2020-10-02,12:00,2020-2021
133,6,13,2020-09-29,18:00,2020-2021
134,33,1,2020-09-29,16:00,2020-2021
135,51,5,2020-10-02,10:00,2020-2021
136,21,18,2020-10-03,16:00,2020-2021
137,3,1,2020-10-03,14:00,2020-2021
138,30,14,2020-10-01,18:00,2020-2021
139,82,4,2020-10-03,14:00,2020-2021
140,53,10,2020-10-03,08:00,2020-2021
141,49,19,2020-10-01,08:00,2020-2021
142,25,12,2020-10-03,10:00,2020-2021
143,80,15,2020-10-01,08:00,2020-2021
144,47,9,2020-10-01,18:00,2020-2021
145,7,1,2020-10-01,08:00,2020-2021
146,2,5,2020-10-03,16:00,2020-2021
147,43,12,2020-09-29,12:00,2020-2021
148,86,7,2020-10-02,16:00,2020-2021
149,26,12,2020-10-01,12:00,2020-2021
150,61,16,2020-09-29,10:00,2020-2021
151,60,2,2020-10-10,16:00,2020-2021
152,85,7,2020-10-06,10:00,2020-2021
153,20,15,2020-10-06,14:00,2020-2021
154,72,2,2020-10-07,08:00,2020-2021
155,66,16,2020-10-08,10:00,2020-2021
156,26,7,2020-10-06,16:00,2020-2021
157,19,20,2020-10-09,16:00,2020-2021
158,17,9,2020-10-10,16:00,2020-2021
159,64,15,2020-10-07,16:00,2020-2021
160,87,19,2020-10-09,14:00,2020-2021
161,80,12,2020-10-09,14:00,2020-2021
162,9,3,2020-10-06,12:00,2020-2021
163,59,11,2020-10-07,08:00,2020-2021
164,84,12,2020-10-07,12:00,2020-2021
165,61,9,2020-10-08,14:00,2020-2021
166,51,18,2020-10-09,16:00,2020-2021
167,57,16,2020-10-06,10:00,2020-2021
168,58,13,2020-10-06,12:00,2020-2021
169,53,4,2020-10-09,10:00,2020-2021
170,34,3,2020-10-10,18:00,2020-2021
171,38,12,2020-10-09,16:00,2020-2021
172,69,8,2020-10-08,08:00,2020-2021
173,43,20,2020-10-09,18:00,2020-2021
174,68,8,2020-10-08,12:00,2020-2021
175,4,13,2020-10-07,14:00,2020-2021
176,33,19,2020-10-06,14:00,2020-2021
177,30,12,2020-10-07,08:00,2020-2021
178,48,19,2020-10-09,16:00,2020-2021
179,46,4,2020-10-07,10:00,2020-2021
180,63,5,2020-10-07,08:00,2020-2021
181,30,17,2020-10-17,12:00,2020-2021
182,55,6,2020-10-16,18:00,2020-2021
183,34,3,2020-10-17,08:00,2020-2021
184,40,18,2020-10-16,08:00,2020-2021
185,2,18,2020-10-16,14:00,2020-2021
186,78,17,2020-10-15,14:00,2020-2021
187,79,15,2020-10-14,16:00,2020-2021
188,3,10,2020-10-13,18:00,2020-2021
189,35,8,2020-10-17,10:00,2020-2021
190,31,13,2020-10-15,12:00,2020-2021
191,74,19,2020-10-16,14:00,2020-2021
192,67,17,2020-10-14,12:00,2020-2021
193,17,10,2020-10-15,12:00,2020-2021
194,84,11,2020-10-16,18:00,2020-2021
195,60,12,2020-10-17,12:00,2020-2021
196,13,16,2020-10-16,18:00,2020-2021
197,72,11,2020-10-15,08:00,2020-2021
198,20,13,2020-10-17,10:00,2020-2021
199,38,4,2020-10-16,12:00,2020-2021
200,47,10,2020-10-13,12:00,2020-2021
201,75,11,2020-10-17,18:00,2020-2021
202,26,6,2020-10-13,18:00,2020-2021
203,69,11,2020-10-13,12:00,2020-2021
204,5,2,2020-10-15,10:00,2020-2021
205,12,18,2020-10-13,16:00,2020-2021
206,85,7,2020-10-14,10:00,2020-2021
207,50,20,2020-10-13,14:00,2020-2021
208,42,1,2020-10-13,12:00,2020-2021
209,10,1,2020-10-13,16:00,2020-2021
210,25,1,2020-10-16,10:00,2020-2021
211,29,18,2020-10-20,08:00,2020-2021
212,15,19,2020-10-20,08:00,2020-2021
213,43,8,2020-10-24,18:00,2020-2021
214,61,6,2020-10-23,12:00,2020-2021
215,34,9,2020-10-23,18:00,2020-2021
216,65,3,2020-10-24,10:00,2020-2021
217,22,20,2020-10-23,18:00,2020-2021
218,69,14,2020-10-23,08:00,2020-2021
219,4,12,2020-10-21,12:00,2020-2021
220,16,1,2020-10-23,12:00,2020-2021
221,79,2,2020-10-20,18:00,2020-2021
222,42,6,2020-10-20,14:00,2020-2021
223,44,15,2020-10-23,18:00,2020-2021
224,33,6,2020-10-23,18:00,2020-2021
225,83,13,2020-10-24,18:00,2020-2021
226,74,15,2020-10-21,08:00,2020-2021
227,62,5,2020-10-23,16:00,2020-2021
228,13,13,2020-10-24,16:00,2020-2021
229,59,6,2020-10-23,12:00,2020-2021
230,70,7,2020-10-23,18:00,2020-2021
231,35,4,2020-10-22,16:00,2020-2021
232,57,1,2020-10-22,18:00,2020-2021
233,72,16,2020-10-23,10:00,2020-2021
234,20,16,2020-10-23,08:00,2020-2021
235,26,17,2020-10-20,12:00,2020-2021
236,47,2,2020-10-23,12:00,2020-2021
237,24,14,2020-10-23,18:00,2020-2021
238,85,11,2020-10-21,14:00,2020-2021
239,63,20,2020-10-22,08:00,2020-2021
240,41,14,2020-10-20,10:00,2020-2021
241,56,15,2020-10-28,08:00,2020-2021
242,67,8,2020-10-29,08:00,2020-2021
243,69,3,2020-10-29,12:00,2020-2021
244,65,13,2020-10-27,16:00,2020-2021
245,82,10,2020-10-27,16:00,2020-2021
246,87,6,2020-10-30,16:00,2020-2021
247,47,19,2020-10-31,16:00,2020-2021
248,76,14,2020-10-31,18:00,2020-2021
249,51,4,2020-10-27,08:00,2020-2021
250,73,14,2020-10-30,14:00,2020-2021
251,15,7,2020-10-28,08:00,2020-2021
252,22,13,2020-10-27,08:00,2020-2021
253,28,20,2020-10-27,16:00,2020-2021
254,78,10,2020-10-29,14:00,2020-2021
255,36,10,2020-10-27,12:00,2020-2021
256,32,3,2020-10-30,14:00,2020-2021
257,3,6,2020-10-28,08:00,2020-2021
258,13,13,2020-10-31,18:00,2020-2021
259,61,3,2020-10-31,18:00,2020-2021
260,20,4,2020-10-27,16:00,2020-2021
261,10,20,2020-10-31,10:00,2020-2021
262,74,14,2020-10-30,16:00,2020-2021
263,39,15,2020-10-29,14:00,2020-2021
264,54,19,2020-10-28,18:00,2020-2021
265,75,1,2020-10-30,08:00,2020-2021
266,71,6,2020-10-27,10:00,2020-2021
267,81,17,2020-10-28,08:00,2020-2021
268,57,20,2020-10-28,18:00,2020-2021
269,34,17,2020-10-31,08:00,2020-2021
270,42,16,2020-10-28,12:00,2020-2021
271,59,11,2020-11-07,16:00,2020-2021
272,11,14,2020-11-06,08:00,2020-2021
273,49,2,2020-11-05,08:00,2020-2021
274,4,15,2020-11-06,16:00,2020-2021
275,28,4,2020-11-06,12:00,2020-2021
276,15,17,2020-11-07,10:00,2020-2021
277,23,10,2020-11-04,10:00,2020-2021
278,29,19,2020-11-07,16:00,2020-2021
279,53,18,2020-11-03,16:00,2020-2021
280,30,3,2020-11-05,12:00,2020-2021
281,71,5,2020-11-06,14:00,2020-2021
282,14,8,2020-11-06,08:00,2020-2021
283,83,20,2020-11-04,16:00,2020-2021
284,73,18,2020-11-05,10:00,2020-2021
285,69,20,2020-11-06,16:00,2020-2021
286,35,11,2020-11-06,12:00,2020-2021
287,38,20,2020-11-06,16:00,2020-2021
288,34,6,2020-11-05,14:00,2020-2021
289,82,9,2020-11-04,16:00,2020-2021
290,78,1,2020-11-03,08:00,2020-2021
291,66,18,2020-11-06,14:00,2020-2021
292,81,13,2020-11-07,18:00,2020-2021
293,72,9,2020-11-06,12:00,2020-2021
294,27,6,2020-11-05,16:00,2020-2021
295,62,16,2020-11-05,18:00,2020-2021
296,61,4,2020-11-03,12:00,2020-2021
297,86,15,2020-11-04,10:00,2020-2021
298,80,16,2020-11-04,10:00,2020-2021
299,6,6,2020-11-05,16:00,2020-2021
300,63,5,2020-11-05,08:00,2020-2021
301,36,1,2020-11-12,16:00,2020-2021
302,2,7,2020-11-12,18:00,2020-2021
303,66,11,2020-11-13,08:00,2020-2021
304,44,12,2020-11-10,10:00,2020-2021
305,27,16,2020-11-10,18:00,2020-2021
306,79,2,2020-11-14,08:00,2020-2021
307,58,9,2020-11-14,08:00,2020-2021
308,51,18,2020-11-12,16:00,2020-2021
309,9,18,2020-11-11,18:00,2020-2021
310,31,2,2020-11-10,16:00,2020-2021
311,46,14,2020-11-12,10:00,2020-2021
312,72,3,2020-11-11,08:00,2020-2021
313,81,16,2020-11-10,12:00,2020-2021
314,85,6,2020-11-12,18:00,2020-2021
315,23,12,2020-11-10,14:00,2020-2021
316,84,12,2020-11-13,10:00,2020-2021
317,33,15,2020-11-10,14:00,2020-2021
318,73,20,2020-11-13,18:00,2020-2021
319,26,18,2020-11-14,18:00,2020-2021
320,40,18,2020-11-13,12:00,2020-2021
321,19,20,2020-11-12,18:00,2020-2021
322,75,7,2020-11-11,10:00,2020-2021
323,55,5,2020-11-14,14:00,2020-2021
324,24,16,2020-11-11,16:00,2020-2021
325,74,8,2020-11-14,18:00,2020-2021
326,42,11,2020-11-13,18:00,2020-2021
327,60,4,2020-11-12,10:00,2020-2021
328,71,20,2020-11-13,14:00,2020-2021
329,82,16,2020-11-13,12:00,2020-2021
330,69,6,2020-11-10,12:00,2020-2021
331,10,8,2020-11-18,12:00,2020-2021
332,72,5,2020-11-18,08:00,2020-2021
333,42,16,2020-11-20,12:00,2020-2021
334,12,20,2020-11-18,14:00,2020-2021
335,76,12,2020-11-19,12:00,2020-2021
336,20,17,2020-11-20,14:00,2020-2021
337,69,18,2020-11-19,18:00,2020-2021
338,67,18,2020-11-20,08:00,2020-2021
339,1,10,2020-11-18,18:00,2020-2021
340,23,2,2020-11-19,16:00,2020-2021
341,54,11,2020-11-19,18:00,2020-2021
342,6,7,2020-11-20,10:00,2020-2021
343,79,15,2020-11-20,14:00,2020-2021
344,48,20,2020-11-20,16:00,2020-2021
345,27,7,2020-11-20,10:00,2020-2021
346,24,10,2020-11-21,16:00,2020-2021
347,56,6,2020-11-19,18:00,2020-2021
348,85,16,2020-11-17,16:00,2020-2021
349,61,14,2020-11-18,08:00,2020-2021
350,40,11,2020-11-17,14:00,2020-2021
351,46,8,2020-11-18,10:00,2020-2021
352,13,17,2020-11-21,08:00,2020-2021
353,52,8,2020-11-17,12:00,2020-2021
354,37,3,2020-11-17,08:00,2020-2021
355,21,4,2020-11-19,10:00,2020-2021
356,47,3,2020-11-17,14:00,2020-2021
357,18,13,2020-11-19,08:00,2020-2021
358,68,9,2020-11-18,12:00,2020-2021
359,8,16,2020-11-20,18:00,2020-2021
360,28,12,2020-11-17,08:00,2020-2021
361,53,2,2020-11-27,08:00,2020-2021
362,36,12,2020-11-26,14:00,2020-2021
363,6,6,2020-11-28,14:00,2020-2021
364,58,9,2020-11-27,08:00,2020-2021
365,86,14,2020-11-24,10:00,2020-2021
366,14,1,2020-11-26,12:00,2020-2021
367,44,19,2020-11-24,12:00,2020-2021
368,40,13,2020-11-27,08:00,2020-2021
369,45,14,2020-11-24,12:00,2020-2021
370,37,12,2020-11-25,08:00,2020-2021
371,61,20,2020-11-27,14:00,2020-2021
372,73,20,2020-11-24,10:00,2020-2021
373,79,15,2020-11-27,10:00,2020-2021
374,20,7,2020-11-24,18:00,2020-2021
375,81,7,2020-11-25,18:00,2020-2021
376,10,10,2020-11-27,10:00,2020-2021
377,4,19,2020-11-26,12:00,2020-2021
378,9,6,2020-11-28,18:00,2020-2021
379,84,18,2020-11-25,10:00,2020-2021
380,82,17,2020-11-26,08:00,2020-2021
381,3,2,2020-11-27,12:00,2020-2021
382,68,8,2020-11-28,12:00,2020-2021
383,74,7,2020-11-25,18:00,2020-2021
384,24,10,2020-11-26,14:00,2020-2021
385,21,18,2020-11-27,12:00,2020-2021
386,72,7,2020-11-24,08:00,2020-2021
387,18,12,2020-11-27,12:00,2020-2021
388,42,20,2020-11-25,10:00,2020-2021
389,85,19,2020-11-27,10:00,2020-2021
390,15,18,2020-11-24,16:00,2020-2021
391,70,8,2020-12-05,16:00,2020-2021
392,37,9,2020-12-05,08:00,2020-2021
393,4,13,2020-12-05,18:00,2020-2021
394,44,20,2020-12-04,10:00,2020-2021
395,3,10,2020-12-03,18:00,2020-2021
396,34,15,2020-12-03,10:00,2020-2021
397,28,17,2020-12-03,16:00,2020-2021
398,40,18,2020-12-03,14:00,2020-2021
399,41,1,2020-12-03,14:00,2020-2021
400,2,18,2020-12-02,14:00,2020-2021
401,61,5,2020-12-03,12:00,2020-2021
402,48,10,2020-12-05,12:00,2020-2021
403,43,18,2020-12-03,16:00,2020-2021
404,74,13,2020-12-03,18:00,2020-2021
405,83,1,2020-12-03,10:00,2020-2021
406,21,13,2020-12-03,14:00,2020-2021
407,82,13,2020-12-05,08:00,2020-2021
408,80,3,2020-12-04,14:00,2020-2021
409,35,8,2020-12-02,18:00,2020-2021
410,25,16,2020-12-04,14:00,2020-2021
411,86,9,2020-12-04,14:00,2020-2021
412,79,5,2020-12-03,10:00,2020-2021
413,59,9,2020-12-03,10:00,2020-2021
414,15,12,2020-12-02,14:00,2020-2021
415,26,9,2020-12-04,12:00,2020-2021
416,33,19,2020-12-02,18:00,2020-2021
417,23,14,2020-12-04,16:00,2020-2021
418,78,10,2020-12-04,16:00,2020-2021
419,87,5,2020-12-05,08:00,2020-2021
420,19,2,2020-12-05,16:00,2020-2021
421,9,20,2020-12-08,18:00,2020-2021
422,34,11,2020-12-09,16:00,2020-2021
423,10,7,2020-12-10,16:00,2020-2021
424,32,13,2020-12-08,08:00,2020-2021
425,42,15,2020-12-09,18:00,2020-2021
426,70,19,2020-12-11,10:00,2020-2021
427,25,11,2020-12-08,14:00,2020-2021
428,52,11,2020-12-11,16:00,2020-2021
429,44,4,2020-12-12,08:00,2020-2021
430,57,10,2020-12-12,18:00,2020-2021
431,5,18,2020-12-12,14:00,2020-2021
432,85,19,2020-12-12,16:00,2020-2021
433,53,1,2020-12-11,16:00,2020-2021
434,4,5,2020-12-10,16:00,2020-2021
435,83,13,2020-12-12,10:00,2020-2021
436,54,10,2020-12-11,14:00,2020-2021
437,13,4,2020-12-10,14:00,2020-2021
438,40,3,2020-12-12,14:00,2020-2021
439,79,11,2020-12-09,12:00,2020-2021
440,63,9,2020-12-10,10:00,2020-2021
441,45,1,2020-12-11,14:00,2020-2021
442,14,8,2020-12-12,14:00,2020-2021
443,7,20,2020-12-08,16:00,2020-2021
444,59,15,2020-12-09,12:00,2020-2021
445,37,6,2020-12-10,08:00,2020-2021
446,77,18,2020-12-11,12:00,2020-2021
447,24,14,2020-12-09,12:00,2020-2021
448,86,13,2020-12-08,16:00,2020-2021
449,80,1,2020-12-08,14:00,2020-2021
450,56,16,2020-12-09,10:00,2020-2021
451,48,9,2020-12-15,10:00,2020-2021
452,44,18,2020-12-15,10:00,2020-2021
453,82,11,2020-12-15,14:00,2020-2021
454,74,2,2020-12-18,08:00,2020-2021
455,17,20,2020-12-18,12:00,2020-2021
456,21,2,2020-12-15,16:00,2020-2021
457,25,6,2020-12-17,14:00,2020-2021
458,75,18,2020-12-18,10:00,2020-2021
459,61,8,2020-12-16,10:00,2020-2021
460,81,1,2020-12-18,08:00,2020-2021
461,45,15,2020-12-19,16:00,2020-2021
462,14,17,2020-12-19,08:00,2020-2021
463,68,16,2020-12-15,12:00,2020-2021
464,79,8,2020-12-18,14:00,2020-2021
465,15,6,2020-12-16,12:00,2020-2021
466,11,9,2020-12-17,16:00,2020-2021
467,10,20,2020-12-19,08:00,2020-2021
468,54,9,2020-12-19,10:00,2020-2021
469,50,11,2020-12-16,14:00,2020-2021
470,77,8,2020-12-18,18:00,2020-2021
471,56,7,2020-12-16,08:00,2020-2021
472,64,10,2020-12-19,10:00,2020-2021
473,7,17,2020-12-15,18:00,2020-2021
474,37,13,2020-12-18,14:00,2020-2021
475,2,4,2020-12-16,12:00,2020-2021
476,16,9,2020-12-17,16:00,2020-2021
477,1,5,2020-12-15,12:00,2020-2021
478,26,20,2020-12-17,14:00,2020-2021
479,49,13,2020-12-16,12:00,2020-2021
480,33,13,2020-12-19,10:00,2020-2021
481,43,6,2020-12-22,10:00,2020-2021
482,79,15,2020-12-26,12:00,2020-2021
483,74,13,2020-12-26,08:00,2020-2021
484,53,19,2020-12-23,16:00,2020-2021
485,27,11,2020-12-25,10:00,2020-2021
486,77,3,2020-12-22,10:00,2020-2021
487,58,7,2020-12-25,12:00,2020-2021
488,87,12,2020-12-23,14:00,2020-2021
489,59,2,2020-12-22,12:00,2020-2021
490,55,3,2020-12-24,10:00,2020-2021
491,23,17,2020-12-25,18:00,2020-2021
492,60,2,2020-12-25,08:00,2020-2021
493,71,15,2020-12-24,12:00,2020-2021
494,52,7,2020-12-23,16:00,2020-2021
495,42,5,2020-12-25,18:00,2020-2021
496,31,19,2020-12-24,16:00,2020-2021
497,86,17,2020-12-22,08:00,2020-2021
498,68,3,2020-12-23,16:00,2020-2021
499,73,4,2020-12-22,08:00,2020-2021
500,16,1,2020-12-23,12:00,2020-2021
501,9,16,2020-12-24,12:00,2020-2021
502,45,6,2020-12-24,18:00,2020-2021
503,44,8,2020-12-24,08:00,2020-2021
504,85,8,2020-12-25,08:00,2020-2021
505,61,17,2020-12-22,12:00,2020-2021
506,81,13,2020-12-25,12:00,2020-2021
507,3,13,2020-12-24,16:00,2020-2021
508,10,6,2020-12-24,08:00,2020-2021
509,14,16,2020-12-25,18:00,2020-2021
510,80,3,2020-12-26,12:00,2020-2021
511,48,15,2020-12-29,16:00,2020-2021
512,1,13,2021-01-01,14:00,2020-2021
513,66,1,2021-01-01,08:00,2020-2021
514,74,9,2020-12-31,18:00,2020-2021
515,40,2,2020-12-31,18:00,2020-2021
516,16,4,2021-01-01,16:00,2020-2021
517,32,18,2020-12-31,12:00,2020-2021
518,51,12,2021-01-02,10:00,2020-2021
519,68,2,2020-12-29,10:00,2020-2021
520,13,10,2020-12-30,14:00,2020-2021
521,6,13,2021-01-01,18:00,2020-2021
522,31,13,2021-01-01,16:00,2020-2021
523,70,14,2020-12-30,12:00,2020-2021
524,15,9,2020-12-30,12:00,2020-2021
525,11,10,2021-01-02,12:00,2020-2021
526,46,3,2021-01-02,12:00,2020-2021
527,14,14,2020-12-30,10:00,2020-2021
528,37,4,2020-12-31,14:00,2020-2021
529,28,10,2021-01-01,12:00,2020-2021
530,26,14,2021-01-02,08:00,2020-2021
531,69,12,2021-01-01,08:00,2020-2021
532,3,17,2020-12-31,12:00,2020-2021
533,62,2,2020-12-30,18:00,2020-2021
534,22,7,2021-01-02,16:00,2020-2021
535,45,19,2021-01-01,08:00,2020-2021
536,47,14,2020-12-30,18:00,2020-2021
537,17,11,2021-01-02,18:00,2020-2021
538,73,3,2021-01-01,12:00,2020-2021
539,54,18,2020-12-30,10:00,2020-2021
540,36,13,2021-01-01,16:00,2020-2021
541,69,20,2021-01-09,18:00,2020-2021
542,44,19,2021-01-08,08:00,2020-2021
543,31,8,2021-01-06,12:00,2020-2021
544,21,13,2021-01-08,14:00,2020-2021
545,78,20,2021-01-05,18:00,2020-2021
546,7,1,2021-01-05,18:00,2020-2021
547,85,19,2021-01-05,08:00,2020-2021
548,70,20,2021-01-08,16:00,2020-2021
549,51,3,2021-01-07,18:00,2020-2021
550,9,19,2021-01-06,18:00,2020-2021
551,13,13,2021-01-05,08:00,2020-2021
552,45,15,2021-01-07,08:00,2020-2021
553,40,14,2021-01-06,14:00,2020-2021
554,82,18,2021-01-05,10:00,2020-2021
555,49,6,2021-01-07,10:00,2020-2021
556,18,8,2021-01-08,16:00,2020-2021
557,86,19,2021-01-06,10:00,2020-2021
558,52,15,2021-01-07,16:00,2020-2021
559,41,3,2021-01-08,16:00,2020-2021
560,36,18,2021-01-09,14:00,2020-2021
561,87,1,2021-01-05,18:00,2020-2021
562,20,5,2021-01-07,12:00,2020-2021
563,50,17,2021-01-07,18:00,2020-2021
564,71,17,2021-01-08,16:00,2020-2021
565,12,10,2021-01-06,08:00,2020-2021
566,75,6,2021-01-07,14:00,2020-2021
567,5,11,2021-01-08,14:00,2020-2021
568,56,7,2021-01-08,10:00,2020-2021
569,25,16,2021-01-06,08:00,2020-2021
570,4,20,2021-01-08,18:00,2020-2021
571,11,11,2021-01-13,12:00,2020-2021
572,47,11,2021-01-16,14:00,2020-2021
573,31,17,2021-01-16,16:00,2020-2021
574,67,8,2021-01-15,10:00,2020-2021
575,37,1,2021-01-15,14:00,2020-2021
576,21,20,2021-01-16,16:00,2020-2021
577,29,13,2021-01-16,10:00,2020-2021
578,68,10,2021-01-14,12:00,2020-2021
579,52,2,2021-01-14,10:00,2020-2021
580,23,6,2021-01-14,12:00,2020-2021
581,51,19,2021-01-16,16:00,2020-2021
582,70,19,2021-01-13,12:00,2020-2021
583,43,4,2021-01-12,10:00,2020-2021
584,9,5,2021-01-13,16:00,2020-2021
585,42,12,2021-01-14,10:00,2020-2021
586,69,19,2021-01-14,16:00,2020-2021
587,48,14,2021-01-14,18:00,2020-2021
588,54,19,2021-01-12,18:00,2020-2021
589,45,14,2021-01-14,16:00,2020-2021
590,63,6,2021-01-15,14:00,2020-2021
591,16,20,2021-01-12,18:00,2020-2021
592,5,5,2021-01-12,12:00,2020-2021
593,85,11,2021-01-15,18:00,2020-2021
594,46,8,2021-01-12,12:00,2020-2021
595,80,2,2021-01-14,16:00,2020-2021
596,19,8,2021-01-16,08:00,2020-2021
597,86,2,2021-01-15,10:00,2020-2021
598,38,5,2021-01-15,18:00,2020-2021
599,14,20,2021-01-13,16:00,2020-2021
600,25,4,2021-01-16,18:00,2020-2021
601,43,7,2021-09-02,14:00,2021-2022
602,75,6,2021-09-01,10:00,2021-2022
603,63,19,2021-09-05,16:00,2021-2022
604,30,6,2021-09-02,14:00,2021-2022
605,16,2,2021-09-04,18:00,2021-2022
606,78,17,2021-09-01,14:00,2021-2022
607,87,5,2021-09-04,08:00,2021-2022
608,32,5,2021-09-01,16:00,2021-2022
609,35,20,2021-09-04,18:00,2021-2022
610,70,9,2021-09-02,16:00,2021-2022
611,46,9,2021-09-05,14:00,2021-2022
612,53,2,2021-09-04,08:00,2021-2022
613,12,20,2021-09-01,12:00,2021-2022
614,59,4,2021-09-02,14:00,2021-2022
615,84,17,2021-09-02,18:00,2021-2022
616,85,7,2021-09-03,16:00,2021-2022
617,68,18,2021-09-05,16:00,2021-2022
618,51,12,2021-09-01,18:00,2021-2022
619,79,19,2021-09-04,10:00,2021-2022
620,21,8,2021-09-01,18:00,2021-2022
621,13,13,2021-09-02,10:00,2021-2022
622,56,1,2021-09-02,16:00,2021-2022
623,5,20,2021-09-05,16:00,2021-2022
624,81,6,2021-09-01,16:00,2021-2022
625,19,15,2021-09-04,12:00,2021-2022
626,41,1,2021-09-03,12:00,2021-2022
627,33,1,2021-09-04,14:00,2021-2022
628,61,16,2021-09-03,08:00,2021-2022
629,52,13,2021-09-02,14:00,2021-2022
630,47,7,2021-09-03,10:00,2021-2022
631,67,20,2021-09-12,14:00,2021-2022
632,52,11,2021-09-11,16:00,2021-2022
633,63,6,2021-09-08,08:00,2021-2022
634,43,1,2021-09-09,18:00,2021-2022
635,80,3,2021-09-11,16:00,2021-2022
636,12,17,2021-09-11,10:00,2021-2022
637,21,1,2021-09-11,12:00,2021-2022
638,8,19,2021-09-08,14:00,2021-2022
639,54,6,2021-09-10,10:00,2021-2022
640,29,3,2021-09-08,08:00,2021-2022
641,39,5,2021-09-11,16:00,2021-2022
642,4,2,2021-09-11,10:00,2021-2022
643,77,16,2021-09-11,12:00,2021-2022
644,59,2,2021-09-12,12:00,2021-2022
645,23,10,2021-09-08,14:00,2021-2022
646,49,10,2021-09-08,14:00,2021-2022
647,71,5,2021-09-11,12:00,2021-2022
648,25,9,2021-09-09,18:00,2021-2022
649,46,3,2021-09-10,10:00,2021-2022
650,61,7,2021-09-08,10:00,2021-2022
651,82,17,2021-09-12,14:00,2021-2022
652,84,17,2021-09-09,18:00,2021-2022
653,6,1,2021-09-10,12:00,2021-2022
654,64,3,2021-09-08,10:00,2021-2022
655,27,11,2021-09-12,16:00,2021-2022
656,16,2,2021-09-09,10:00,2021-2022
657,60,18,2021-09-09,18:00,2021-2022
658,31,15,2021-09-08,12:00,2021-2022
659,65,3,2021-09-10,12:00,2021-2022
660,20,4,2021-09-12,12:00,2021-2022
661,59,19,2021-09-19,18:00,2021-2022
662,79,11,2021-09-19,18:00,2021-2022
663,81,12,2021-09-15,14:00,2021-2022
664,64,14,2021-09-15,14:00,2021-2022
665,35,19,2021-09-16,16:00,2021-2022
666,66,20,2021-09-19,08:00,2021-2022
667,2,14,2021-09-17,12:00,2021-2022
668,58,12,2021-09-19,14:00,2021-2022
669,21,13,2021-09-17,08:00,2021-2022
670,49,14,2021-09-17,18:00,2021-2022
671,15,20,2021-09-18,18:00,2021-2022
672,77,14,2021-09-16,08:00,2021-2022
673,84,17,2021-09-17,16:00,2021-2022
674,87,18,2021-09-15,12:00,2021-2022
675,73,17,2021-09-15,16:00,2021-2022
676,51,15,2021-09-16,08:00,2021-2022
677,78,2,2021-09-15,18:00,2021-2022
678,40,13,2021-09-16,08:00,2021-2022
679,6,4,2021-09-16,10:00,2021-2022
680,39,19,2021-09-17,16:00,2021-2022
681,80,20,2021-09-15,14:00,2021-2022
682,63,15,2021-09-19,08:00,2021-2022
683,68,3,2021-09-17,08:00,2021-2022
684,13,13,2021-09-15,10:00,2021-2022
685,20,17,2021-09-19,18:00,2021-2022
686,28,6,2021-09-18,16:00,2021-2022
687,55,20,2021-09-15,18:00,2021-2022
688,72,4,2021-09-17,16:00,2021-2022
689,71,1,2021-09-15,10:00,2021-2022
690,19,10,2021-09-15,16:00,2021-2022
691,16,3,2021-09-23,10:00,2021-2022
692,13,20,2021-09-22,14:00,2021-2022
693,80,6,2021-09-22,18:00,2021-2022
694,48,13,2021-09-22,10:00,2021-2022
695,61,15,2021-09-26,14:00,2021-2022
696,57,17,2021-09-26,16:00,2021-2022
697,15,13,2021-09-22,10:00,2021-2022
698,32,7,2021-09-23,12:00,2021-2022
699,53,3,2021-09-24,16:00,2021-2022
700,56,11,2021-09-23,18:00,2021-2022
701,67,7,2021-09-24,12:00,2021-2022
702,35,7,2021-09-25,10:00,2021-2022
703,73,2,2021-09-22,10:00,2021-2022
704,28,6,2021-09-22,10:00,2021-2022
705,24,14,2021-09-23,10:00,2021-2022
706,27,17,2021-09-24,14:00,2021-2022
707,11,9,2021-09-26,14:00,2021-2022
708,23,6,2021-09-25,12:00,2021-2022
709,8,2,2021-09-26,16:00,2021-2022
710,10,1,2021-09-26,10:00,2021-2022
711,5,3,2021-09-22,14:00,2021-2022
712,83,17,2021-09-22,18:00,2021-2022
713,34,18,2021-09-22,16:00,2021-2022
714,82,7,2021-09-23,18:00,2021-2022
715,85,13,2021-09-25,08:00,2021-2022
716,18,3,2021-09-22,12:00,2021-2022
717,33,10,2021-09-22,08:00,2021-2022
718,29,19,2021-09-25,08:00,2021-2022
719,76,19,2021-09-22,18:00,2021-2022
720,20,6,2021-09-26,14:00,2021-2022
721,66,13,2021-10-03,14:00,2021-2022
722,22,10,2021-09-29,16:00,2021-2022
723,12,5,2021-10-03,18:00,2021-2022
724,21,14,2021-10-02,08:00,2021-2022
725,10,19,2021-09-30,18:00,2021-2022
726,9,13,2021-10-02,10:00,2021-2022
727,39,12,2021-09-30,14:00,2021-2022
728,35,11,2021-09-30,10:00,2021-2022
729,30,9,2021-10-01,18:00,2021-2022
730,3,3,2021-10-03,10:00,2021-2022
731,33,8,2021-10-01,12:00,2021-2022
732,20,10,2021-09-29,08:00,2021-2022
733,13,13,2021-10-01,18:00,2021-2022
734,69,12,2021-10-02,10:00,2021-2022
735,65,3,2021-10-02,10:00,2021-2022
736,7,13,2021-10-03,16:00,2021-2022
737,5,5,2021-10-02,12:00,2021-2022
738,29,11,2021-09-30,12:00,2021-2022
739,48,3,2021-10-01,10:00,2021-2022
740,36,8,2021-10-03,12:00,2021-2022
741,40,7,2021-10-02,18:00,2021-2022
742,31,19,2021-09-29,18:00,2021-2022
743,58,14,2021-09-29,10:00,2021-2022
744,32,17,2021-10-01,18:00,2021-2022
745,83,7,2021-09-29,12:00,2021-2022
746,27,11,2021-10-01,08:00,2021-2022
747,63,18,2021-10-02,18:00,2021-2022
748,24,14,2021-10-03,08:00,2021-2022
749,11,19,2021-09-29,18:00,2021-2022
750,74,6,2021-09-29,18:00,2021-2022
751,6,20,2021-10-09,08:00,2021-2022
752,12,3,2021-10-08,12:00,2021-2022
753,15,19,2021-10-08,12:00,2021-2022
754,55,10,2021-10-10,10:00,2021-2022
755,5,7,2021-10-09,12:00,2021-2022
756,73,15,2021-10-10,08:00,2021-2022
757,37,9,2021-10-10,16:00,2021-2022
758,39,16,2021-10-07,18:00,2021-2022
759,76,16,2021-10-09,18:00,2021-2022
760,84,19,2021-10-08,12:00,2021-2022
761,25,11,2021-10-06,16:00,2021-2022
762,72,7,2021-10-06,10:00,2021-2022
763,62,12,2021-10-06,16:00,2021-2022
764,27,17,2021-10-10,12:00,2021-2022
765,64,15,2021-10-07,10:00,2021-2022
766,26,12,2021-10-06,08:00,2021-2022
767,75,2,2021-10-10,16:00,2021-2022
768,4,13,2021-10-10,12:00,2021-2022
769,45,20,2021-10-08,08:00,2021-2022
770,9,4,2021-10-08,08:00,2021-2022
771,14,9,2021-10-06,10:00,2021-2022
772,74,20,2021-10-06,16:00,2021-2022
773,17,2,2021-10-10,16:00,2021-2022
774,78,9,2021-10-10,14:00,2021-2022
775,41,19,2021-10-09,16:00,2021-2022
776,16,20,2021-10-06,08:00,2021-2022
777,19,5,2021-10-09,08:00,2021-2022
778,60,7,2021-10-07,08:00,2021-2022
779,23,9,2021-10-07,18:00,2021-2022
780,40,6,2021-10-06,12:00,2021-2022
781,78,17,2021-10-15,12:00,2021-2022
782,33,5,2021-10-16,10:00,2021-2022
783,7,3,2021-10-15,16:00,2021-2022
784,1,7,2021-10-17,12:00,2021-2022
785,82,7,2021-10-13,08:00,2021-2022
786,83,2,2021-10-14,08:00,2021-2022
787,76,17,2021-10-13,12:00,2021-2022
788,14,9,2021-10-14,10:00,2021-2022
789,27,20,2021-10-16,18:00,2021-2022
790,2,10,2021-10-16,14:00,2021-2022
791,77,15,2021-10-15,08:00,2021-2022
792,21,13,2021-10-15,08:00,2021-2022
793,45,6,2021-10-17,18:00,2021-2022
794,39,4,2021-10-15,16:00,2021-2022
795,24,1,2021-10-13,10:00,2021-2022
796,13,5,2021-10-17,12:00,2021-2022
797,19,8,2021-10-14,12:00,2021-2022
798,84,6,2021-10-13,18:00,2021-2022
799,25,5,2021-10-14,18:00,2021-2022
800,81,15,2021-10-16,18:00,2021-2022
801,58,12,2021-10-14,12:00,2021-2022
802,70,4,2021-10-15,10:00,2021-2022
803,30,7,2021-10-16,14:00,2021-2022
804,60,12,2021-10-16,16:00,2021-2022
805,86,15,2021-10-14,12:00,2021-2022
806,74,14,2021-10-13,16:00,2021-2022
807,85,7,2021-10-15,12:00,2021-2022
808,32,19,2021-10-16,12:00,2021-2022
809,48,14,2021-10-14,10:00,2021-2022
810,42,15,2021-10-15,16:00,2021-2022
811,34,17,2021-10-22,10:00,2021-2022
812,75,18,2021-10-22,12:00,2021-2022
813,81,6,2021-10-20,16:00,2021-2022
814,43,2,2021-10-22,16:00,2021-2022
815,68,3,2021-10-24,16:00,2021-2022
816,3,10,2021-10-22,12:00,2021-2022
817,67,16,2021-10-22,10:00,2021-2022
818,11,6,2021-10-21,16:00,2021-2022
819,78,9,2021-10-23,16:00,2021-2022
820,40,18,2021-10-24,10:00,2021-2022
821,37,3,2021-10-20,18:00,2021-2022
822,58,19,2021-10-21,10:00,2021-2022
823,45,1,2021-10-22,10:00,2021-2022
824,64,15,2021-10-21,12:00,2021-2022
825,49,11,2021-10-21,08:00,2021-2022
826,48,5,2021-10-24,08:00,2021-2022
827,5,3,2021-10-21,12:00,2021-2022
828,12,20,2021-10-20,18:00,2021-2022
829,82,12,2021-10-23,16:00,2021-2022
830,66,11,2021-10-22,14:00,2021-2022
831,77,11,2021-10-22,12:00,2021-2022
832,61,1,2021-10-20,18:00,2021-2022
833,28,18,2021-10-21,08:00,2021-2022
834,60,7,2021-10-23,14:00,2021-2022
835,4,6,2021-10-20,12:00,2021-2022
836,86,6,2021-10-23,14:00,2021-2022
837,51,9,2021-10-24,16:00,2021-2022
838,54,20,2021-10-22,12:00,2021-2022
839,85,15,2021-10-23,14:00,2021-2022
840,36,14,2021-10-23,16:00,2021-2022
841,58,10,2021-10-28,10:00,2021-2022
842,25,5,2021-10-30,18:00,2021-2022
843,23,8,2021-10-28,12:00,2021-2022
844,19,14,2021-10-29,18:00,2021-2022
845,33,13,2021-10-29,08:00,2021-2022
846,37,4,2021-10-29,08:00,2021-2022
847,62,10,2021-10-31,12:00,2021-2022
848,69,15,2021-10-28,14:00,2021-2022
849,65,12,2021-10-29,10:00,2021-2022
850,82,6,2021-10-31,14:00,2021-2022
851,35,8,2021-10-29,18:00,2021-2022
852,56,12,2021-10-30,18:00,2021-2022
853,73,11,2021-10-27,12:00,2021-2022
854,51,7,2021-10-30,18:00,2021-2022
855,63,1,2021-10-31,10:00,2021-2022
856,29,7,2021-10-30,18:00,2021-2022
857,3,5,2021-10-28,18:00,2021-2022
858,70,17,2021-10-31,08:00,2021-2022
859,24,8,2021-10-27,10:00,2021-2022
860,8,16,2021-10-28,18:00,2021-2022
861,28,5,2021-10-29,08:00,2021-2022
862,14,1,2021-10-31,08:00,2021-2022
863,86,2,2021-10-31,16:00,2021-2022
864,6,9,2021-10-27,10:00,2021-2022
865,27,3,2021-10-29,14:00,2021-2022
866,60,11,2021-10-31,10:00,2021-2022
867,84,16,2021-10-28,14:00,2021-2022
868,59,19,2021-10-31,16:00,2021-2022
869,44,1,2021-10-31,08:00,2021-2022
870,57,12,2021-10-31,18:00,2021-2022
871,77,5,2021-11-04,14:00,2021-2022
872,6,14,2021-11-04,10:00,2021-2022
873,75,19,2021-11-04,14:00,2021-2022
874,85,15,2021-11-06,10:00,2021-2022
875,30,9,2021-11-07,16:00,2021-2022
876,24,13,2021-11-06,18:00,2021-2022
877,17,4,2021-11-04,10:00,2021-2022
878,32,18,2021-11-06,14:00,2021-2022
879,65,16,2021-11-04,12:00,2021-2022
880,31,19,2021-11-03,10:00,2021-2022
881,8,13,2021-11-04,08:00,2021-2022
882,53,3,2021-11-03,10:00,2021-2022
883,74,16,2021-11-04,16:00,2021-2022
884,42,12,2021-11-05,10:00,2021-2022
885,48,4,2021-11-07,10:00,2021-2022
886,80,14,2021-11-04,16:00,2021-2022
887,13,16,2021-11-04,18:00,2021-2022
888,58,20,2021-11-07,12:00,2021-2022
889,10,17,2021-11-06,10:00,2021-2022
890,35,8,2021-11-06,12:00,2021-2022
891,61,18,2021-11-05,14:00,2021-2022
892,51,5,2021-11-07,16:00,2021-2022
893,50,12,2021-11-07,10:00,2021-2022
894,3,3,2021-11-03,08:00,2021-2022
895,71,1,2021-11-07,08:00,2021-2022
896,1,15,2021-11-06,16:00,2021-2022
897,81,11,2021-11-07,18:00,2021-2022
898,87,4,2021-11-05,08:00,2021-2022
899,5,9,2021-11-05,12:00,2021-2022
900,79,13,2021-11-03,18:00,2021-2022
901,13,3,2021-11-12,14:00,2021-2022
902,2,6,2021-11-13,16:00,2021-2022
903,8,16,2021-11-11,16:00,2021-2022
904,78,1,2021-11-11,18:00,2021-2022
905,29,9,2021-11-12,16:00,2021-2022
906,11,1,2021-11-14,10:00,2021-2022
907,64,12,2021-11-13,12:00,2021-2022
908,66,17,2021-11-12,16:00,2021-2022
909,43,5,2021-11-10,10:00,2021-2022
910,22,1,2021-11-13,18:00,2021-2022
911,58,6,2021-11-12,18:00,2021-2022
912,71,15,2021-11-12,16:00,2021-2022
913,73,16,2021-11-14,14:00,2021-2022
914,18,13,2021-11-13,08:00,2021-2022
915,5,15,2021-11-11,18:00,2021-2022
916,35,3,2021-11-11,16:00,2021-2022
917,3,4,2021-11-14,14:00,2021-2022
918,47,10,2021-11-12,12:00,2021-2022
919,62,5,2021-11-13,12:00,2021-2022
920,40,6,2021-11-12,08:00,2021-2022
921,38,12,2021-11-11,18:00,2021-2022
922,67,6,2021-11-10,08:00,2021-2022
923,4,7,2021-11-14,08:00,2021-2022
924,1,15,2021-11-10,12:00,2021-2022
925,12,7,2021-11-11,14:00,2021-2022
926,80,10,2021-11-10,18:00,2021-2022
927,16,2,2021-11-10,16:00,2021-2022
928,63,1,2021-11-11,18:00,2021-2022
929,50,14,2021-11-11,12:00,2021-2022
930,86,16,2021-11-14,08:00,2021-2022
931,82,10,2021-11-18,16:00,2021-2022
932,87,2,2021-11-21,14:00,2021-2022
933,28,17,2021-11-17,18:00,2021-2022
934,83,20,2021-11-17,08:00,2021-2022
935,40,18,2021-11-20,12:00,2021-2022
936,6,20,2021-11-17,10:00,2021-2022
937,51,8,2021-11-18,18:00,2021-2022
938,20,7,2021-11-17,18:00,2021-2022
939,15,9,2021-11-20,14:00,2021-2022
940,54,9,2021-11-18,14:00,2021-2022
941,11,8,2021-11-21,16:00,2021-2022
942,23,14,2021-11-21,16:00,2021-2022
943,73,8,2021-11-20,16:00,2021-2022
944,14,18,2021-11-21,16:00,2021-2022
945,77,7,2021-11-21,10:00,2021-2022
946,34,9,2021-11-20,14:00,2021-2022
947,9,16,2021-11-20,14:00,2021-2022
948,19,17,2021-11-20,12:00,2021-2022
949,17,20,2021-11-18,16:00,2021-2022
950,7,6,2021-11-17,16:00,2021-2022
951,52,19,2021-11-19,10:00,2021-2022
952,66,7,2021-11-21,08:00,2021-2022
953,64,16,2021-11-18,12:00,2021-2022
954,69,11,2021-11-21,14:00,2021-2022
955,41,1,2021-11-20,16:00,2021-2022
956,44,14,2021-11-19,08:00,2021-2022
957,55,16,2021-11-20,08:00,2021-2022
958,58,19,2021-11-17,08:00,2021-2022
959,60,19,2021-11-17,10:00,2021-2022
960,10,6,2021-11-17,08:00,2021-2022
961,5,12,2021-11-27,08:00,2021-2022
962,64,12,2021-11-25,10:00,2021-2022
963,69,3,2021-11-24,08:00,2021-2022
964,42,3,2021-11-25,16:00,2021-2022
965,72,8,2021-11-25,16:00,2021-2022
966,43,19,2021-11-24,10:00,2021-2022
967,7,5,2021-11-25,12:00,2021-2022
968,61,12,2021-11-24,18:00,2021-2022
969,71,16,2021-11-24,14:00,2021-2022
970,51,11,2021-11-25,18:00,2021-2022
971,32,10,2021-11-26,16:00,2021-2022
972,17,8,2021-11-28,16:00,2021-2022
973,52,2,2021-11-27,18:00,2021-2022
974,33,15,2021-11-25,08:00,2021-2022
975,55,1,2021-11-25,10:00,2021-2022
976,28,2,2021-11-27,08:00,2021-2022
977,70,9,2021-11-25,10:00,2021-2022
978,24,7,2021-11-25,16:00,2021-2022
979,81,14,2021-11-25,10:00,2021-2022
980,79,12,2021-11-27,12:00,2021-2022
981,80,8,2021-11-28,14:00,2021-2022
982,78,3,2021-11-26,14:00,2021-2022
983,21,8,2021-11-27,10:00,2021-2022
984,15,6,2021-11-26,08:00,2021-2022
985,63,1,2021-11-24,08:00,2021-2022
986,20,14,2021-11-25,16:00,2021-2022
987,50,2,2021-11-28,12:00,2021-2022
988,45,3,2021-11-27,12:00,2021-2022
989,44,16,2021-11-26,10:00,2021-2022
990,86,20,2021-11-27,08:00,2021-2022
991,28,12,2021-12-01,12:00,2021-2022
992,24,12,2021-12-02,14:00,2021-2022
993,81,20,2021-12-01,10:00,2021-2022
994,66,8,2021-12-03,14:00,2021-2022
995,48,2,2021-12-01,18:00,2021-2022
996,25,14,2021-12-04,18:00,2021-2022
997,40,7,2021-12-02,18:00,2021-2022
998,2,8,2021-12-04,08:00,2021-2022
999,43,1,2021-12-03,16:00,2021-2022
1000,16,10,2021-12-01,08:00,2021-2022
1001,23,17,2021-12-05,12:00,2021-2022
1002,78,12,2021-12-03,12:00,2021-2022
1003,11,1,2021-12-02,10:00,2021-2022
1004,22,4,2021-12-05,18:00,2021-2022
1005,60,1,2021-12-05,18:00,2021-2022
1006,19,19,2021-12-05,14:00,2021-2022
1007,83,17,2021-12-04,10:00,2021-2022
1008,51,6,2021-12-03,14:00,2021-2022
1009,8,13,2021-12-02,18:00,2021-2022
1010,54,8,2021-12-02,10:00,2021-2022
1011,68,20,2021-12-03,10:00,2021-2022
1012,73,4,2021-12-02,18:00,2021-2022
1013,64,18,2021-12-05,14:00,2021-2022
1014,87,4,2021-12-01,18:00,2021-2022
1015,77,4,2021-12-05,18:00,2021-2022
1016,32,20,2021-12-02,08:00,2021-2022
1017,18,17,2021-12-01,18:00,2021-2022
1018,21,18,2021-12-03,12:00,2021-2022
1019,76,19,2021-12-03,12:00,2021-2022
1020,50,10,2021-12-03,18:00,2021-2022
1021,7,15,2021-12-08,10:00,2021-2022
1022,17,15,2021-12-09,12:00,2021-2022
1023,60,20,2021-12-10,14:00,2021-2022
1024,10,19,2021-12-08,12:00,2021-2022
1025,46,14,2021-12-10,18:00,2021-2022
1026,39,19,2021-12-09,16:00,2021-2022
1027,72,14,2021-12-11,18:00,2021-2022
1028,5,14,2021-12-09,10:00,2021-2022
1029,78,14,2021-12-11,10:00,2021-2022
1030,71,12,2021-12-08,16:00,2021-2022
1031,87,9,2021-12-11,12:00,2021-2022
1032,48,19,2021-12-10,12:00,2021-2022
1033,53,15,2021-12-08,18:00,2021-2022
1034,11,3,2021-12-10,12:00,2021-2022
1035,44,12,2021-12-08,18:00,2021-2022
1036,74,14,2021-12-09,08:00,2021-2022
1037,21,1,2021-12-08,12:00,2021-2022
1038,27,18,2021-12-08,12:00,2021-2022
1039,16,13,2021-12-08,14:00,2021-2022
1040,34,11,2021-12-12,12:00,2021-2022
1041,82,11,2021-12-10,08:00,2021-2022
1042,29,3,2021-12-10,16:00,2021-2022
1043,55,13,2021-12-12,12:00,2021-2022
1044,63,3,2021-12-12,10:00,2021-2022
1045,57,16,2021-12-09,16:00,2021-2022
1046,84,12,2021-12-10,18:00,2021-2022
1047,49,7,2021-12-09,08:00,2021-2022
1048,28,20,2021-12-09,08:00,2021-2022
1049,15,17,2021-12-11,08:00,2021-2022
1050,41,14,2021-12-09,18:00,2021-2022
1051,34,13,2021-12-16,18:00,2021-2022
1052,77,8,2021-12-17,08:00,2021-2022
1053,3,12,2021-12-18,16:00,2021-2022
1054,83,12,2021-12-15,18:00,2021-2022
1055,49,5,2021-12-16,10:00,2021-2022
1056,6,20,2021-12-16,08:00,2021-2022
1057,38,8,2021-12-17,10:00,2021-2022
1058,73,9,2021-12-17,10:00,2021-2022
1059,53,19,2021-12-19,12:00,2021-2022
1060,44,4,2021-12-19,16:00,2021-2022
1061,82,12,2021-12-17,10:00,2021-2022
1062,50,8,2021-12-19,10:00,2021-2022
1063,55,3,2021-12-18,12:00,2021-2022
1064,84,6,2021-12-19,10:00,2021-2022
1065,15,8,2021-12-18,18:00,2021-2022
1066,65,1,2021-12-15,16:00,2021-2022
1067,16,18,2021-12-15,18:00,2021-2022
1068,4,1,2021-12-19,16:00,2021-2022
1069,12,4,2021-12-18,18:00,2021-2022
1070,51,13,2021-12-15,18:00,2021-2022
1071,23,10,2021-12-15,08:00,2021-2022
1072,28,9,2021-12-15,10:00,2021-2022
1073,66,3,2021-12-17,12:00,2021-2022
1074,33,4,2021-12-15,16:00,2021-2022
1075,74,2,2021-12-16,08:00,2021-2022
1076,32,18,2021-12-15,18:00,2021-2022
1077,9,3,2021-12-16,14:00,2021-2022
1078,85,3,2021-12-18,14:00,2021-2022
1079,17,1,2021-12-19,14:00,2021-2022
1080,69,1,2021-12-15,18:00,2021-2022
1081,25,6,2021-12-22,10:00,2021-2022
1082,73,2,2021-12-23,18:00,2021-2022
1083,62,13,2021-12-22,16:00,2021-2022
1084,70,16,2021-12-26,12:00,2021-2022
1085,44,11,2021-12-26,18:00,2021-2022
1086,47,19,2021-12-22,10:00,2021-2022
1087,10,5,2021-12-25,12:00,2021-2022
1088,12,16,2021-12-23,14:00,2021-2022
1089,49,8,2021-12-25,08:00,2021-2022
1090,48,16,2021-12-24,16:00,2021-2022
1091,11,12,2021-12-24,16:00,2021-2022
1092,20,2,2021-12-24,12:00,2021-2022
1093,24,10,2021-12-25,18:00,2021-2022
1094,84,10,2021-12-25,08:00,2021-2022
1095,54,14,2021-12-26,08:00,2021-2022
1096,81,19,2021-12-26,08:00,2021-2022
1097,15,10,2021-12-23,12:00,2021-2022
1098,71,3,2021-12-25,18:00,2021-2022
1099,19,17,2021-12-22,18:00,2021-2022
1100,36,13,2021-12-24,12:00,2021-2022
1101,83,7,2021-12-22,08:00,2021-2022
1102,55,14,2021-12-26,08:00,2021-2022
1103,43,5,2021-12-26,10:00,2021-2022
1104,1,13,2021-12-25,14:00,2021-2022
1105,33,13,2021-12-24,10:00,2021-2022
1106,45,18,2021-12-23,14:00,2021-2022
1107,60,11,2021-12-25,12:00,2021-2022
1108,35,12,2021-12-25,14:00,2021-2022
1109,64,5,2021-12-25,14:00,2021-2022
1110,67,3,2021-12-26,16:00,2021-2022
1111,1,7,2022-01-01,14:00,2021-2022
1112,19,15,2021-12-31,10:00,2021-2022
1113,78,13,2021-12-29,18:00,2021-2022
1114,85,8,2022-01-02,18:00,2021-2022
1115,6,13,2022-01-02,10:00,2021-2022
1116,38,12,2021-12-29,08:00,2021-2022
1117,5,1,2021-12-31,12:00,2021-2022
1118,45,9,2021-12-31,16:00,2021-2022
1119,57,6,2022-01-02,18:00,2021-2022
1120,8,16,2022-01-02,12:00,2021-2022
1121,27,7,2022-01-02,10:00,2021-2022
1122,20,5,2022-01-01,08:00,2021-2022
1123,48,12,2021-12-29,10:00,2021-2022
1124,35,14,2022-01-02,10:00,2021-2022
1125,22,8,2022-01-02,18:00,2021-2022
1126,80,18,2022-01-02,08:00,2021-2022
1127,7,6,2022-01-01,10:00,2021-2022
1128,69,8,2021-12-31,18:00,2021-2022
1129,10,12,2022-01-02,16:00,2021-2022
1130,26,6,2022-01-01,18:00,2021-2022
1131,2,2,2021-12-31,08:00,2021-2022
1132,36,13,2022-01-01,10:00,2021-2022
1133,71,20,2022-01-02,12:00,2021-2022
1134,3,7,2021-12-31,10:00,2021-2022
1135,52,14,2022-01-02,18:00,2021-2022
1136,42,10,2021-12-31,12:00,2021-2022
1137,63,5,2022-01-02,12:00,2021-2022
1138,29,6,2022-01-02,10:00,2021-2022
1139,30,16,2021-12-30,10:00,2021-2022
1140,72,16,2021-12-30,16:00,2021-2022
1141,33,3,2022-01-05,10:00,2021-2022
1142,48,11,2022-01-06,10:00,2021-2022
1143,11,20,2022-01-09,14:00,2021-2022
1144,10,10,2022-01-09,14:00,2021-2022
1145,65,4,2022-01-09,14:00,2021-2022
1146,85,4,2022-01-06,10:00,2021-2022
1147,30,12,2022-01-05,08:00,2021-2022
1148,41,10,2022-01-05,14:00,2021-2022
1149,36,17,2022-01-07,10:00,2021-2022
1150,9,17,2022-01-08,12:00,2021-2022
1151,12,14,2022-01-08,16:00,2021-2022
1152,63,11,2022-01-09,12:00,2021-2022
1153,75,5,2022-01-07,18:00,2021-2022
1154,34,1,2022-01-06,18:00,2021-2022
1155,7,13,2022-01-09,16:00,2021-2022
1156,61,8,2022-01-05,18:00,2021-2022
1157,57,8,2022-01-05,18:00,2021-2022
1158,23,19,2022-01-09,10:00,2021-2022
1159,59,10,2022-01-05,14:00,2021-2022
1160,3,8,2022-01-09,08:00,2021-2022
1161,69,17,2022-01-06,10:00,2021-2022
1162,29,10,2022-01-05,14:00,2021-2022
1163,71,19,2022-01-05,08:00,2021-2022
1164,80,12,2022-01-08,18:00,2021-2022
1165,27,4,2022-01-05,10:00,2021-2022
1166,52,9,2022-01-07,12:00,2021-2022
1167,8,12,2022-01-08,16:00,2021-2022
1168,56,18,2022-01-08,08:00,2021-2022
1169,60,11,2022-01-07,10:00,2021-2022
1170,24,14,2022-01-06,08:00,2021-2022
1171,19,4,2022-01-16,10:00,2021-2022
1172,20,10,2022-01-14,16:00,2021-2022
1173,78,7,2022-01-15,18:00,2021-2022
1174,23,19,2022-01-15,14:00,2021-2022
1175,11,4,2022-01-16,12:00,2021-2022
1176,58,16,2022-01-13,18:00,2021-2022
1177,17,14,2022-01-15,14:00,2021-2022
1178,30,2,2022-01-13,12:00,2021-2022
1179,43,9,2022-01-14,18:00,2021-2022
1180,40,4,2022-01-15,12:00,2021-2022
1181,83,1,2022-01-14,18:00,2021-2022
1182,36,16,2022-01-15,16:00,2021-2022
1183,80,1,2022-01-16,08:00,2021-2022
1184,77,16,2022-01-15,10:00,2021-2022
1185,22,4,2022-01-13,16:00,2021-2022
1186,16,13,2022-01-13,18:00,2021-2022
1187,26,8,2022-01-12,14:00,2021-2022
1188,53,8,2022-01-12,14:00,2021-2022
1189,73,11,2022-01-13,16:00,2021-2022
1190,57,19,2022-01-14,14:00,2021-2022
1191,14,6,2022-01-12,18:00,2021-2022
1192,44,15,2022-01-14,12:00,2021-2022
1193,59,7,2022-01-16,18:00,2021-2022
1194,42,14,2022-01-14,10:00,2021-2022
1195,47,4,2022-01-15,16:00,2021-2022
1196,62,6,2022-01-15,08:00,2021-2022
1197,60,13,2022-01-16,10:00,2021-2022
1198,3,1,2022-01-16,10:00,2021-2022
1199,9,18,2022-01-14,08:00,2021-2022
1200,66,4,2022-01-15,16:00,2021-2022
1201,58,19,2022-09-01,12:00,2022-2023
1202,9,6,2022-09-03,14:00,2022-2023
1203,54,16,2022-09-05,18:00,2022-2023
1204,75,12,2022-09-05,14:00,2022-2023
1205,62,14,2022-09-02,18:00,2022-2023
1206,37,1,2022-09-05,14:00,2022-2023
1207,87,9,2022-09-05,16:00,2022-2023
1208,19,20,2022-09-04,08:00,2022-2023
1209,59,18,2022-09-03,12:00,2022-2023
1210,74,4,2022-09-03,10:00,2022-2023
1211,48,9,2022-09-04,12:00,2022-2023
1212,80,18,2022-09-05,10:00,2022-2023
1213,3,17,2022-09-01,18:00,2022-2023
1214,60,19,2022-09-03,12:00,2022-2023
1215,64,4,2022-09-01,10:00,2022-2023
1216,25,14,2022-09-02,18:00,2022-2023
1217,73,17,2022-09-03,08:00,2022-2023
1218,52,17,2022-09-01,10:00,2022-2023
1219,69,13,2022-09-02,10:00,2022-2023
1220,77,8,2022-09-03,10:00,2022-2023
1221,17,7,2022-09-02,18:00,2022-2023
1222,35,6,2022-09-03,16:00,2022-2023
1223,41,6,2022-09-05,12:00,2022-2023
1224,30,9,2022-09-04,16:00,2022-2023
1225,49,16,2022-09-01,10:00,2022-2023
1226,42,9,2022-09-02,10:00,2022-2023
1227,76,17,2022-09-04,14:00,2022-2023
1228,8,20,2022-09-01,12:00,2022-2023
1229,15,6,2022-09-05,10:00,2022-2023
1230,16,19,2022-09-03,12:00,2022-2023
1231,65,1,2022-09-09,08:00,2022-2023
1232,81,13,2022-09-09,10:00,2022-2023
1233,17,15,2022-09-12,18:00,2022-2023
1234,55,11,2022-09-12,18:00,2022-2023
1235,1,12,2022-09-11,10:00,2022-2023
1236,76,15,2022-09-12,14:00,2022-2023
1237,80,12,2022-09-12,14:00,2022-2023
1238,16,11,2022-09-08,08:00,2022-2023
1239,35,1,2022-09-08,08:00,2022-2023
1240,18,10,2022-09-12,12:00,2022-2023
1241,48,5,2022-09-11,08:00,2022-2023
1242,54,7,2022-09-09,16:00,2022-2023
1243,40,7,2022-09-10,14:00,2022-2023
1244,47,12,2022-09-11,08:00,2022-2023
1245,75,9,2022-09-12,10:00,2022-2023
1246,86,9,2022-09-12,10:00,2022-2023
1247,64,9,2022-09-12,10:00,2022-2023
1248,58,6,2022-09-10,08:00,2022-2023
1249,63,15,2022-09-12,08:00,2022-2023
1250,46,8,2022-09-10,18:00,2022-2023
1251,3,9,2022-09-08,16:00,2022-2023
1252,20,3,2022-09-08,12:00,2022-2023
1253,24,11,2022-09-09,18:00,2022-2023
1254,34,9,2022-09-12,18:00,2022-2023
1255,15,16,2022-09-10,18:00,2022-2023
1256,84,5,2022-09-09,12:00,2022-2023
1257,59,16,2022-09-08,08:00,2022-2023
1258,44,18,2022-09-09,14:00,2022-2023
1259,45,15,2022-09-10,10:00,2022-2023
1260,68,9,2022-09-11,16:00,2022-2023
1261,44,12,2022-09-18,08:00,2022-2023
1262,58,6,2022-09-18,08:00,2022-2023
1263,53,2,2022-09-17,10:00,2022-2023
1264,61,12,2022-09-15,12:00,2022-2023
1265,45,3,2022-09-15,18:00,2022-2023
1266,38,7,2022-09-17,14:00,2022-2023
1267,68,20,2022-09-15,16:00,2022-2023
1268,22,19,2022-09-16,12:00,2022-2023
1269,70,6,2022-09-19,12:00,2022-2023
1270,42,12,2022-09-16,12:00,2022-2023
1271,55,20,2022-09-17,14:00,2022-2023
1272,6,11,2022-09-17,08:00,2022-2023
1273,17,5,2022-09-19,12:00,2022-2023
1274,85,12,2022-09-19,18:00,2022-2023
1275,21,1,2022-09-18,14:00,2022-2023
1276,66,7,2022-09-16,08:00,2022-2023
1277,77,9,2022-09-16,14:00,2022-2023
1278,60,16,2022-09-19,18:00,2022-2023
1279,54,7,2022-09-19,18:00,2022-2023
1280,4,16,2022-09-18,18:00,2022-2023
1281,9,13,2022-09-18,08:00,2022-2023
1282,40,13,2022-09-16,18:00,2022-2023
1283,81,6,2022-09-15,18:00,2022-2023
1284,56,10,2022-09-19,16:00,2022-2023
1285,52,12,2022-09-16,08:00,2022-2023
1286,39,9,2022-09-15,14:00,2022-2023
1287,25,4,2022-09-19,10:00,2022-2023
1288,35,6,2022-09-19,10:00,2022-2023
1289,26,6,2022-09-16,18:00,2022-2023
1290,67,20,2022-09-15,10:00,2022-2023
1291,62,11,2022-09-25,12:00,2022-2023
1292,1,9,2022-09-25,12:00,2022-2023
1293,44,14,2022-09-24,18:00,2022-2023
1294,63,9,2022-09-23,18:00,2022-2023
1295,14,13,2022-09-22,18:00,2022-2023
1296,55,9,2022-09-25,10:00,2022-2023
1297,25,1,2022-09-23,10:00,2022-2023
1298,41,5,2022-09-22,16:00,2022-2023
1299,49,1,2022-09-22,08:00,2022-2023
1300,78,12,2022-09-26,10:00,2022-2023
1301,56,1,2022-09-22,12:00,2022-2023
1302,68,18,2022-09-25,10:00,2022-2023
1303,77,16,2022-09-25,14:00,2022-2023
1304,51,19,2022-09-23,08:00,2022-2023
1305,48,19,2022-09-25,14:00,2022-2023
1306,19,7,2022-09-24,16:00,2022-2023
1307,64,20,2022-09-25,18:00,2022-2023
1308,3,6,2022-09-25,12:00,2022-2023
1309,34,10,2022-09-23,16:00,2022-2023
1310,70,5,2022-09-23,08:00,2022-2023
1311,85,16,2022-09-22,12:00,2022-2023
1312,17,17,2022-09-26,12:00,2022-2023
1313,28,12,2022-09-25,08:00,2022-2023
1314,30,17,2022-09-22,12:00,2022-2023
1315,11,6,2022-09-25,12:00,2022-2023
1316,67,8,2022-09-26,08:00,2022-2023
1317,65,3,2022-09-22,14:00,2022-2023
1318,21,3,2022-09-22,12:00,2022-2023
1319,80,7,2022-09-23,18:00,2022-2023
1320,83,8,2022-09-24,08:00,2022-2023
1321,68,10,2022-10-02,10:00,2022-2023
1322,28,17,2022-10-01,10:00,2022-2023
1323,59,20,2022-10-03,14:00,2022-2023
1324,8,9,2022-09-29,10:00,2022-2023
1325,32,12,2022-10-03,16:00,2022-2023
1326,34,1,2022-10-01,14:00,2022-2023
1327,35,20,2022-09-30,18:00,2022-2023
1328,62,17,2022-09-30,12:00,2022-2023
1329,31,1,2022-10-03,14:00,2022-2023
1330,52,11,2022-09-30,18:00,2022-2023
1331,80,20,2022-09-29,18:00,2022-2023
1332,77,18,2022-10-01,12:00,2022-2023
1333,56,13,2022-10-02,14:00,2022-2023
1334,22,13,2022-10-02,12:00,2022-2023
1335,43,10,2022-10-01,12:00,2022-2023
1336,19,8,2022-09-29,08:00,2022-2023
1337,70,18,2022-09-29,12:00,2022-2023
1338,71,2,2022-10-02,12:00,2022-2023
1339,14,9,2022-10-01,12:00,2022-2023
1340,78,16,2022-10-02,16:00,2022-2023
1341,72,8,2022-09-30,14:00,2022-2023
1342,13,3,2022-10-01,08:00,2022-2023
1343,5,11,2022-09-30,14:00,2022-2023
1344,83,14,2022-10-03,14:00,2022-2023
1345,55,14,2022-09-30,10:00,2022-2023
1346,49,7,2022-10-02,16:00,2022-2023
1347,87,19,2022-10-03,18:00,2022-2023
1348,76,11,2022-09-30,18:00,2022-2023
1349,30,20,2022-10-01,12:00,2022-2023
1350,33,9,2022-10-01,18:00,2022-2023
1351,52,1,2022-10-06,16:00,2022-2023
1352,7,12,2022-10-06,12:00,2022-2023
1353,25,14,2022-10-10,14:00,2022-2023
1354,17,10,2022-10-06,08:00,2022-2023
1355,86,10,2022-10-06,14:00,2022-2023
1356,40,2,2022-10-08,12:00,2022-2023
1357,82,14,2022-10-07,08:00,2022-2023
1358,32,7,2022-10-06,12:00,2022-2023
1359,8,19,2022-10-06,10:00,2022-2023
1360,37,11,2022-10-10,08:00,2022-2023
1361,30,4,2022-10-08,08:00,2022-2023
1362,27,18,2022-10-07,08:00,2022-2023
1363,79,7,2022-10-07,14:00,2022-2023
1364,42,11,2022-10-10,08:00,2022-2023
1365,85,4,2022-10-07,16:00,2022-2023
1366,54,6,2022-10-08,16:00,2022-2023
1367,19,13,2022-10-08,18:00,2022-2023
1368,24,18,2022-10-07,16:00,2022-2023
1369,2,4,2022-10-10,18:00,2022-2023
1370,3,14,2022-10-06,18:00,2022-2023
1371,70,6,2022-10-08,14:00,2022-2023
1372,43,14,2022-10-06,10:00,2022-2023
1373,71,3,2022-10-08,14:00,2022-2023
1374,21,14,2022-10-09,16:00,2022-2023
1375,5,17,2022-10-10,16:00,2022-2023
1376,50,2,2022-10-09,16:00,2022-2023
1377,64,14,2022-10-07,16:00,2022-2023
1378,11,2,2022-10-09,12:00,2022-2023
1379,77,14,2022-10-07,12:00,2022-2023
1380,4,13,2022-10-08,18:00,2022-2023
1381,8,8,2022-10-16,08:00,2022-2023
1382,81,16,2022-10-13,16:00,2022-2023
1383,69,20,2022-10-16,18:00,2022-2023
1384,82,2,2022-10-13,16:00,2022-2023
1385,74,1,2022-10-13,14:00,2022-2023
1386,67,6,2022-10-13,16:00,2022-2023
1387,65,11,2022-10-14,18:00,2022-2023
1388,61,10,2022-10-13,08:00,2022-2023
1389,40,13,2022-10-14,18:00,2022-2023
1390,80,18,2022-10-15,18:00,2022-2023
1391,52,3,2022-10-17,14:00,2022-2023
1392,24,11,2022-10-17,18:00,2022-2023
1393,57,20,2022-10-15,18:00,2022-2023
1394,62,8,2022-10-15,14:00,2022-2023
1395,37,1,2022-10-16,12:00,2022-2023
1396,20,3,2022-10-14,12:00,2022-2023
1397,45,3,2022-10-14,18:00,2022-2023
1398,73,1,2022-10-13,08:00,2022-2023
1399,4,19,2022-10-14,08:00,2022-2023
1400,77,19,2022-10-16,08:00,2022-2023
1401,11,19,2022-10-14,12:00,2022-2023
1402,29,2,2022-10-15,18:00,2022-2023
1403,39,16,2022-10-13,18:00,2022-2023
1404,26,7,2022-10-16,08:00,2022-2023
1405,1,18,2022-10-17,10:00,2022-2023
1406,47,6,2022-10-17,12:00,2022-2023
1407,85,4,2022-10-16,14:00,2022-2023
1408,58,9,2022-10-14,16:00,2022-2023
1409,10,19,2022-10-13,12:00,2022-2023
1410,53,19,2022-10-13,12:00,2022-2023
1411,38,12,2022-10-21,18:00,2022-2023
1412,13,10,2022-10-20,12:00,2022-2023
1413,58,17,2022-10-21,18:00,2022-2023
1414,6,7,2022-10-22,12:00,2022-2023
1415,20,5,2022-10-24,08:00,2022-2023
1416,75,15,2022-10-24,12:00,2022-2023
1417,76,17,2022-10-20,14:00,2022-2023
1418,60,4,2022-10-22,16:00,2022-2023
1419,28,5,2022-10-20,08:00,2022-2023
1420,51,7,2022-10-20,10:00,2022-2023
1421,81,8,2022-10-22,14:00,2022-2023
1422,18,13,2022-10-22,10:00,2022-2023
1423,50,4,2022-10-22,10:00,2022-2023
1424,62,6,2022-10-20,12:00,2022-2023
1425,40,17,2022-10-23,14:00,2022-2023
1426,70,12,2022-10-23,18:00,2022-2023
1427,27,9,2022-10-23,08:00,2022-2023
1428,63,17,2022-10-23,08:00,2022-2023
1429,65,4,2022-10-22,16:00,2022-2023
1430,15,12,2022-10-24,14:00,2022-2023
1431,68,15,2022-10-22,14:00,2022-2023
1432,17,6,2022-10-23,18:00,2022-2023
1433,22,18,2022-10-20,16:00,2022-2023
1434,9,11,2022-10-23,16:00,2022-2023
1435,36,13,2022-10-24,12:00,2022-2023
1436,21,14,2022-10-23,08:00,2022-2023
1437,82,2,2022-10-21,16:00,2022-2023
1438,1,16,2022-10-23,16:00,2022-2023
1439,48,5,2022-10-21,18:00,2022-2023
1440,46,19,2022-10-20,14:00,2022-2023
1441,28,1,2022-10-29,18:00,2022-2023
1442,50,11,2022-10-31,16:00,2022-2023
1443,2,15,2022-10-30,10:00,2022-2023
1444,60,5,2022-10-30,08:00,2022-2023
1445,39,17,2022-10-28,16:00,2022-2023
1446,30,12,2022-10-27,16:00,2022-2023
1447,67,18,2022-10-31,08:00,2022-2023
1448,59,20,2022-10-27,18:00,2022-2023
1449,51,11,2022-10-30,16:00,2022-2023
1450,70,9,2022-10-31,12:00,2022-2023
1451,14,5,2022-10-30,10:00,2022-2023
1452,85,5,2022-10-27,08:00,2022-2023
1453,69,19,2022-10-31,18:00,2022-2023
1454,24,10,2022-10-27,18:00,2022-2023
1455,48,17,2022-10-29,16:00,2022-2023
1456,66,18,2022-10-30,18:00,2022-2023
1457,6,5,2022-10-29,10:00,2022-2023
1458,77,8,2022-10-31,18:00,2022-2023
1459,57,6,2022-10-28,10:00,2022-2023
1460,40,15,2022-10-27,12:00,2022-2023
1461,45,8,2022-10-27,08:00,2022-2023
1462,11,16,2022-10-30,18:00,2022-2023
1463,4,3,2022-10-27,10:00,2022-2023
1464,87,3,2022-10-28,18:00,2022-2023
1465,46,18,2022-10-29,18:00,2022-2023
1466,80,10,2022-10-27,14:00,2022-2023
1467,72,9,2022-10-28,14:00,2022-2023
1468,53,20,2022-10-28,10:00,2022-2023
1469,68,6,2022-10-27,18:00,2022-2023
1470,82,8,2022-10-29,10:00,2022-2023
1471,9,19,2022-11-05,08:00,2022-2023
1472,86,10,2022-11-07,16:00,2022-2023
1473,55,11,2022-11-03,08:00,2022-2023
1474,61,17,2022-11-06,16:00,2022-2023
1475,12,15,2022-11-07,16:00,2022-2023
1476,68,3,2022-11-04,18:00,2022-2023
1477,52,14,2022-11-04,16:00,2022-2023
1478,49,2,2022-11-06,12:00,2022-2023
1479,32,8,2022-11-06,14:00,2022-2023
1480,20,12,2022-11-07,18:00,2022-2023
1481,73,17,2022-11-04,16:00,2022-2023
1482,37,1,2022-11-04,16:00,2022-2023
1483,34,10,2022-11-06,08:00,2022-2023
1484,53,6,2022-11-04,18:00,2022-2023
1485,18,13,2022-11-03,10:00,2022-2023
1486,69,6,2022-11-06,18:00,2022-2023
1487,60,2,2022-11-03,14:00,2022-2023
1488,67,15,2022-11-03,16:00,2022-2023
1489,13,14,2022-11-03,18:00,2022-2023
1490,27,14,2022-11-06,14:00,2022-2023
1491,77,3,2022-11-03,18:00,2022-2023
1492,71,15,2022-11-05,18:00,2022-2023
1493,2,8,2022-11-03,16:00,2022-2023
1494,39,2,2022-11-06,18:00,2022-2023
1495,75,20,2022-11-06,10:00,2022-2023
1496,5,11,2022-11-03,08:00,2022-2023
1497,45,10,2022-11-04,10:00,2022-2023
1498,4,16,2022-11-03,16:00,2022-2023
1499,50,16,2022-11-04,16:00,2022-2023
1500,10,4,2022-11-07,18:00,2022-2023
1501,29,8,2022-11-11,10:00,2022-2023
1502,30,3,2022-11-14,16:00,2022-2023
1503,85,12,2022-11-10,08:00,2022-2023
1504,28,8,2022-11-10,16:00,2022-2023
1505,34,18,2022-11-13,18:00,2022-2023
1506,51,18,2022-11-13,16:00,2022-2023
1507,26,3,2022-11-14,12:00,2022-2023
1508,86,1,2022-11-10,08:00,2022-2023
1509,8,1,2022-11-12,14:00,2022-2023
1510,52,4,2022-11-11,16:00,2022-2023
1511,9,6,2022-11-12,18:00,2022-2023
1512,31,13,2022-11-13,16:00,2022-2023
1513,66,12,2022-11-14,12:00,2022-2023
1514,32,17,2022-11-13,18:00,2022-2023
1515,81,9,2022-11-13,16:00,2022-2023
1516,37,12,2022-11-12,08:00,2022-2023
1517,22,19,2022-11-10,14:00,2022-2023
1518,62,20,2022-11-14,14:00,2022-2023
1519,79,12,2022-11-11,14:00,2022-2023
1520,65,1,2022-11-10,16:00,2022-2023
1521,4,15,2022-11-14,12:00,2022-2023
1522,64,17,2022-11-13,16:00,2022-2023
1523,61,11,2022-11-12,14:00,2022-2023
1524,35,14,2022-11-10,10:00,2022-2023
1525,83,1,2022-11-13,10:00,2022-2023
1526,24,6,2022-11-14,14:00,2022-2023
1527,68,13,2022-11-13,18:00,2022-2023
1528,18,14,2022-11-12,12:00,2022-2023
1529,6,8,2022-11-11,16:00,2022-2023
1530,40,16,2022-11-14,14:00,2022-2023
1531,35,19,2022-11-19,12:00,2022-2023
1532,34,10,2022-11-21,10:00,2022-2023
1533,66,12,2022-11-18,10:00,2022-2023
1534,47,12,2022-11-18,18:00,2022-2023
1535,24,8,2022-11-17,10:00,2022-2023
1536,20,12,2022-11-21,16:00,2022-2023
1537,33,2,2022-11-20,08:00,2022-2023
1538,49,20,2022-11-19,16:00,2022-2023
1539,14,8,2022-11-20,14:00,2022-2023
1540,4,2,2022-11-19,16:00,2022-2023
1541,64,3,2022-11-20,16:00,2022-2023
1542,71,3,2022-11-20,10:00,2022-2023
1543,37,9,2022-11-20,18:00,2022-2023
1544,19,3,2022-11-18,16:00,2022-2023
1545,40,5,2022-11-19,16:00,2022-2023
1546,5,19,2022-11-17,16:00,2022-2023
1547,28,3,2022-11-21,18:00,2022-2023
1548,22,5,2022-11-19,14:00,2022-2023
1549,62,12,2022-11-17,10:00,2022-2023
1550,60,15,2022-11-19,18:00,2022-2023
1551,65,10,2022-11-21,18:00,2022-2023
1552,68,15,2022-11-18,08:00,2022-2023
1553,85,11,2022-11-20,12:00,2022-2023
1554,8,10,2022-11-18,12:00,2022-2023
1555,44,12,2022-11-18,08:00,2022-2023
1556,31,3,2022-11-21,08:00,2022-2023
1557,36,19,2022-11-17,12:00,2022-2023
1558,10,13,2022-11-21,14:00,2022-2023
1559,46,3,2022-11-18,18:00,2022-2023
1560,70,7,2022-11-17,14:00,2022-2023
1561,37,4,2022-11-28,10:00,2022-2023
1562,77,20,2022-11-27,10:00,2022-2023
1563,48,19,2022-11-28,08:00,2022-2023
1564,84,16,2022-11-26,16:00,2022-2023
1565,26,8,2022-11-28,16:00,2022-2023
1566,51,4,2022-11-24,12:00,2022-2023
1567,50,9,2022-11-26,12:00,2022-2023
1568,7,5,2022-11-25,16:00,2022-2023
1569,6,19,2022-11-24,16:00,2022-2023
1570,9,18,2022-11-24,08:00,2022-2023
1571,34,9,2022-11-28,16:00,2022-2023
1572,66,11,2022-11-24,10:00,2022-2023
1573,24,19,2022-11-28,16:00,2022-2023
1574,54,18,2022-11-24,08:00,2022-2023
1575,72,2,2022-11-25,18:00,2022-2023
1576,56,14,2022-11-24,10:00,2022-2023
1577,36,20,2022-11-25,08:00,2022-2023
1578,42,20,2022-11-28,10:00,2022-2023
1579,39,19,2022-11-28,08:00,2022-2023
1580,1,2,2022-11-25,08:00,2022-2023
1581,74,1,2022-11-25,10:00,2022-2023
1582,5,18,2022-11-28,16:00,2022-2023
1583,59,11,2022-11-27,10:00,2022-2023
1584,25,18,2022-11-25,18:00,2022-2023
1585,27,11,2022-11-27,18:00,2022-2023
1586,68,20,2022-11-25,10:00,2022-2023
1587,40,5,2022-11-24,12:00,2022-2023
1588,22,4,2022-11-24,18:00,2022-2023
1589,83,18,2022-11-26,16:00,2022-2023
1590,29,19,2022-11-28,16:00,2022-2023
1591,70,8,2022-12-01,14:00,2022-2023
1592,67,18,2022-12-01,16:00,2022-2023
1593,75,17,2022-12-05,18:00,2022-2023
1594,76,20,2022-12-04,16:00,2022-2023
1595,28,2,2022-12-02,10:00,2022-2023
1596,32,12,2022-12-04,08:00,2022-2023
1597,15,7,2022-12-03,10:00,2022-2023
1598,82,2,2022-12-04,14:00,2022-2023
1599,72,5,2022-12-02,18:00,2022-2023
1600,56,5,2022-12-04,16:00,2022-2023
1601,37,14,2022-12-05,14:00,2022-2023
1602,27,20,2022-12-05,14:00,2022-2023
1603,34,20,2022-12-03,18:00,2022-2023
1604,3,1,2022-12-05,18:00,2022-2023
1605,86,11,2022-12-05,12:00,2022-2023
1606,30,5,2022-12-04,14:00,2022-2023
1607,83,5,2022-12-04,18:00,2022-2023
1608,81,12,2022-12-03,18:00,2022-2023
1609,35,16,2022-12-04,16:00,2022-2023
1610,68,5,2022-12-01,10:00,2022-2023
1611,46,4,2022-12-01,14:00,2022-2023
1612,43,4,2022-12-05,14:00,2022-2023
1613,57,19,2022-12-04,12:00,2022-2023
1614,13,1,2022-12-01,14:00,2022-2023
1615,21,17,2022-12-03,16:00,2022-2023
1616,6,7,2022-12-03,18:00,2022-2023
1617,36,15,2022-12-02,10:00,2022-2023
1618,48,8,2022-12-05,10:00,2022-2023
1619,66,2,2022-12-02,10:00,2022-2023
1620,29,1,2022-12-01,10:00,2022-2023
1621,58,9,2022-12-10,16:00,2022-2023
1622,66,12,2022-12-10,10:00,2022-2023
1623,62,2,2022-12-09,14:00,2022-2023
1624,34,1,2022-12-09,12:00,2022-2023
1625,16,15,2022-12-11,18:00,2022-2023
1626,81,13,2022-12-09,14:00,2022-2023
1627,25,16,2022-12-08,16:00,2022-2023
1628,69,10,2022-12-11,08:00,2022-2023
1629,40,11,2022-12-12,16:00,2022-2023
1630,80,12,2022-12-08,14:00,2022-2023
1631,22,3,2022-12-11,12:00,2022-2023
1632,65,11,2022-12-11,18:00,2022-2023
1633,7,18,2022-12-11,18:00,2022-2023
1634,85,12,2022-12-12,12:00,2022-2023
1635,32,4,2022-12-08,18:00,2022-2023
1636,54,15,2022-12-12,12:00,2022-2023
1637,84,13,2022-12-08,08:00,2022-2023
1638,45,20,2022-12-08,18:00,2022-2023
1639,12,14,2022-12-09,10:00,2022-2023
1640,15,5,2022-12-10,18:00,2022-2023
1641,38,8,2022-12-09,12:00,2022-2023
1642,26,12,2022-12-09,12:00,2022-2023
1643,72,7,2022-12-08,16:00,2022-2023
1644,87,5,2022-12-11,14:00,2022-2023
1645,28,13,2022-12-11,12:00,2022-2023
1646,82,16,2022-12-10,10:00,2022-2023
1647,60,18,2022-12-10,12:00,2022-2023
1648,23,8,2022-12-10,08:00,2022-2023
1649,75,19,2022-12-08,08:00,2022-2023
1650,36,14,2022-12-09,10:00,2022-2023
1651,30,18,2022-12-16,14:00,2022-2023
1652,13,17,2022-12-16,18:00,2022-2023
1653,53,20,2022-12-19,10:00,2022-2023
1654,59,18,2022-12-17,10:00,2022-2023
1655,75,4,2022-12-19,08:00,2022-2023
1656,34,15,2022-12-19,10:00,2022-2023
1657,60,6,2022-12-19,10:00,2022-2023
1658,64,18,2022-12-17,12:00,2022-2023
1659,1,15,2022-12-15,08:00,2022-2023
1660,58,17,2022-12-15,14:00,2022-2023
1661,51,8,2022-12-17,14:00,2022-2023
1662,71,9,2022-12-17,10:00,2022-2023
1663,26,18,2022-12-15,14:00,2022-2023
1664,50,3,2022-12-17,18:00,2022-2023
1665,74,15,2022-12-18,16:00,2022-2023
1666,52,15,2022-12-17,18:00,2022-2023
1667,67,18,2022-12-15,08:00,2022-2023
1668,37,2,2022-12-15,12:00,2022-2023
1669,72,13,2022-12-19,10:00,2022-2023
1670,45,20,2022-12-17,08:00,2022-2023
1671,15,14,2022-12-15,18:00,2022-2023
1672,22,15,2022-12-17,08:00,2022-2023
1673,21,1,2022-12-17,12:00,2022-2023
1674,24,9,2022-12-17,08:00,2022-2023
1675,5,15,2022-12-15,16:00,2022-2023
1676,56,7,2022-12-15,12:00,2022-2023
1677,80,6,2022-12-17,08:00,2022-2023
1678,87,16,2022-12-18,08:00,2022-2023
1679,20,12,2022-12-18,12:00,2022-2023
1680,35,15,2022-12-19,18:00,2022-2023
1681,50,10,2022-12-24,18:00,2022-2023
1682,1,8,2022-12-24,12:00,2022-2023
1683,35,17,2022-12-23,18:00,2022-2023
1684,68,1,2022-12-22,10:00,2022-2023
1685,53,4,2022-12-25,12:00,2022-2023
1686,20,14,2022-12-25,18:00,2022-2023
1687,87,16,2022-12-24,12:00,2022-2023
1688,39,17,2022-12-26,08:00,2022-2023
1689,24,1,2022-12-22,10:00,2022-2023
1690,9,3,2022-12-25,18:00,2022-2023
1691,14,6,2022-12-26,12:00,2022-2023
1692,80,6,2022-12-24,14:00,2022-2023
1693,19,17,2022-12-23,08:00,2022-2023
1694,21,15,2022-12-22,08:00,2022-2023
1695,42,11,2022-12-25,14:00,2022-2023
1696,40,4,2022-12-25,08:00,2022-2023
1697,78,13,2022-12-22,16:00,2022-2023
1698,74,2,2022-12-25,10:00,2022-2023
1699,27,1,2022-12-25,14:00,2022-2023
1700,3,4,2022-12-23,16:00,2022-2023
1701,85,16,2022-12-22,14:00,2022-2023
1702,60,16,2022-12-25,16:00,2022-2023
1703,31,1,2022-12-22,12:00,2022-2023
1704,33,4,2022-12-23,18:00,2022-2023
1705,25,9,2022-12-23,12:00,2022-2023
1706,86,10,2022-12-26,12:00,2022-2023
1707,13,13,2022-12-22,18:00,2022-2023
1708,26,6,2022-12-23,16:00,2022-2023
1709,29,3,2022-12-26,14:00,2022-2023
1710,69,19,2022-12-24,14:00,2022-2023
1711,7,18,2022-12-31,08:00,2022-2023
1712,44,2,2023-01-01,12:00,2022-2023
1713,38,17,2022-12-29,16:00,2022-2023
1714,32,18,2022-12-31,10:00,2022-2023
1715,62,5,2023-01-02,08:00,2022-2023
1716,63,4,2023-01-01,14:00,2022-2023
1717,8,2,2023-01-01,12:00,2022-2023
1718,40,7,2022-12-30,12:00,2022-2023
1719,43,17,2022-12-29,18:00,2022-2023
1720,46,6,2022-12-30,18:00,2022-2023
1721,1,5,2022-12-29,12:00,2022-2023
1722,50,6,2022-12-31,16:00,2022-2023
1723,85,11,2023-01-01,12:00,2022-2023
1724,18,10,2022-12-31,10:00,2022-2023
1725,26,11,2022-12-29,14:00,2022-2023
1726,20,2,2023-01-01,14:00,2022-2023
1727,49,10,2022-12-30,18:00,2022-2023
1728,42,11,2023-01-01,08:00,2022-2023
1729,84,14,2022-12-31,14:00,2022-2023
1730,39,18,2022-12-30,18:00,2022-2023
1731,66,11,2023-01-02,18:00,2022-2023
1732,64,18,2023-01-01,14:00,2022-2023
1733,48,20,2023-01-01,18:00,2022-2023
1734,47,9,2022-12-29,16:00,2022-2023
1735,45,8,2023-01-01,12:00,2022-2023
1736,13,6,2023-01-01,10:00,2022-2023
1737,17,1,2022-12-29,12:00,2022-2023
1738,6,8,2022-12-30,12:00,2022-2023
1739,24,5,2022-12-29,08:00,2022-2023
1740,12,6,2023-01-01,14:00,2022-2023
1741,40,5,2023-01-08,10:00,2022-2023
1742,73,15,2023-01-06,14:00,2022-2023
1743,48,6,2023-01-08,18:00,2022-2023
1744,58,7,2023-01-08,12:00,2022-2023
1745,68,6,2023-01-09,14:00,2022-2023
1746,21,13,2023-01-08,12:00,2022-2023
1747,2,9,2023-01-05,18:00,2022-2023
1748,22,14,2023-01-09,18:00,2022-2023
1749,59,12,2023-01-09,18:00,2022-2023
1750,12,12,2023-01-09,14:00,2022-2023
1751,78,10,2023-01-05,14:00,2022-2023
1752,32,17,2023-01-06,12:00,2022-2023
1753,34,7,2023-01-09,08:00,2022-2023
1754,24,15,2023-01-09,12:00,2022-2023
1755,55,17,2023-01-08,08:00,2022-2023
1756,30,7,2023-01-08,08:00,2022-2023
1757,10,18,2023-01-08,16:00,2022-2023
1758,27,17,2023-01-08,10:00,2022-2023
1759,54,14,2023-01-07,10:00,2022-2023
1760,20,6,2023-01-09,12:00,2022-2023
1761,8,19,2023-01-06,18:00,2022-2023
1762,65,8,2023-01-05,16:00,2022-2023
1763,80,10,2023-01-08,08:00,2022-2023
1764,69,13,2023-01-05,12:00,2022-2023
1765,1,1,2023-01-08,16:00,2022-2023
1766,66,2,2023-01-09,12:00,2022-2023
1767,17,1,2023-01-05,12:00,2022-2023
1768,41,3,2023-01-09,10:00,2022-2023
1769,44,6,2023-01-05,14:00,2022-2023
1770,38,14,2023-01-08,08:00,2022-2023
1771,22,4,2023-01-14,10:00,2022-2023
1772,75,6,2023-01-12,10:00,2022-2023
1773,64,18,2023-01-12,08:00,2022-2023
1774,45,20,2023-01-12,14:00,2022-2023
1775,35,17,2023-01-16,18:00,2022-2023
1776,32,3,2023-01-16,10:00,2022-2023
1777,53,13,2023-01-15,12:00,2022-2023
1778,17,5,2023-01-13,16:00,2022-2023
1779,1,15,2023-01-13,16:00,2022-2023
1780,29,19,2023-01-15,18:00,2022-2023
1781,52,16,2023-01-13,08:00,2022-2023
1782,27,19,2023-01-13,14:00,2022-2023
1783,46,3,2023-01-12,14:00,2022-2023
1784,55,16,2023-01-16,10:00,2022-2023
1785,43,13,2023-01-16,08:00,2022-2023
1786,34,8,2023-01-13,10:00,2022-2023
1787,19,15,2023-01-16,12:00,2022-2023
1788,18,5,2023-01-15,08:00,2022-2023
1789,36,6,2023-01-15,14:00,2022-2023
1790,5,10,2023-01-12,08:00,2022-2023
1791,41,13,2023-01-12,16:00,2022-2023
1792,2,4,2023-01-12,18:00,2022-2023
1793,81,18,2023-01-13,08:00,2022-2023
1794,8,13,2023-01-15,14:00,2022-2023
1795,54,4,2023-01-12,14:00,2022-2023
1796,4,4,2023-01-15,08:00,2022-2023
1797,74,16,2023-01-12,08:00,2022-2023
1798,10,12,2023-01-16,12:00,2022-2023
1799,26,17,2023-01-13,18:00,2022-2023
1800,67,18,2023-01-13,12:00,2022-2023
1801,75,7,2023-09-03,16:00,2023-2024
1802,38,8,2023-09-05,16:00,2023-2024
1803,13,10,2023-09-04,14:00,2023-2024
1804,24,5,2023-09-03,12:00,2023-2024
1805,23,15,2023-09-05,08:00,2023-2024
1806,59,20,2023-09-02,12:00,2023-2024
1807,5,6,2023-09-03,10:00,2023-2024
1808,74,5,2023-09-05,10:00,2023-2024
1809,45,16,2023-09-01,10:00,2023-2024
1810,82,18,2023-09-01,10:00,2023-2024
1811,69,13,2023-09-05,18:00,2023-2024
1812,57,20,2023-09-01,16:00,2023-2024
1813,25,17,2023-09-04,10:00,2023-2024
1814,33,18,2023-09-04,10:00,2023-2024
1815,51,10,2023-09-02,16:00,2023-2024
1816,47,2,2023-09-03,08:00,2023-2024
1817,46,9,2023-09-01,16:00,2023-2024
1818,41,11,2023-09-02,08:00,2023-2024
1819,37,12,2023-09-03,18:00,2023-2024
1820,29,8,2023-09-05,14:00,2023-2024
1821,36,11,2023-09-03,14:00,2023-2024
1822,12,5,2023-09-01,16:00,2023-2024
1823,71,2,2023-09-01,16:00,2023-2024
1824,15,18,2023-09-03,10:00,2023-2024
1825,84,8,2023-09-01,08:00,2023-2024
1826,61,5,2023-09-04,18:00,2023-2024
1827,72,2,2023-09-01,18:00,2023-2024
1828,32,11,2023-09-02,14:00,2023-2024
1829,55,6,2023-09-02,16:00,2023-2024
1830,77,6,2023-09-01,12:00,2023-2024
1831,55,12,2023-09-09,14:00,2023-2024
1832,20,18,2023-09-09,16:00,2023-2024
1833,74,10,2023-09-10,08:00,2023-2024
1834,67,3,2023-09-11,16:00,2023-2024
1835,51,15,2023-09-08,16:00,2023-2024
1836,5,7,2023-09-12,14:00,2023-2024
1837,41,19,2023-09-10,18:00,2023-2024
1838,84,12,2023-09-11,12:00,2023-2024
1839,54,13,2023-09-08,12:00,2023-2024
1840,8,9,2023-09-11,18:00,2023-2024
1841,32,13,2023-09-12,12:00,2023-2024
1842,21,17,2023-09-11,10:00,2023-2024
1843,71,13,2023-09-10,12:00,2023-2024
1844,9,5,2023-09-10,16:00,2023-2024
1845,58,3,2023-09-11,08:00,2023-2024
1846,2,7,2023-09-10,12:00,2023-2024
1847,35,2,2023-09-10,18:00,2023-2024
1848,86,5,2023-09-08,08:00,2023-2024
1849,14,11,2023-09-10,16:00,2023-2024
1850,83,4,2023-09-11,12:00,2023-2024
1851,33,15,2023-09-08,18:00,2023-2024
1852,75,2,2023-09-11,10:00,2023-2024
1853,46,19,2023-09-12,14:00,2023-2024
1854,12,9,2023-09-09,10:00,2023-2024
1855,27,4,2023-09-10,14:00,2023-2024
1856,17,20,2023-09-09,12:00,2023-2024
1857,38,15,2023-09-11,10:00,2023-2024
1858,61,3,2023-09-09,12:00,2023-2024
1859,3,2,2023-09-11,14:00,2023-2024
1860,56,11,2023-09-10,12:00,2023-2024
1861,45,11,2023-09-16,10:00,2023-2024
1862,25,7,2023-09-18,12:00,2023-2024
1863,77,14,2023-09-16,14:00,2023-2024
1864,5,15,2023-09-16,16:00,2023-2024
1865,53,11,2023-09-18,16:00,2023-2024
1866,35,11,2023-09-19,12:00,2023-2024
1867,66,11,2023-09-18,16:00,2023-2024
1868,11,7,2023-09-18,08:00,2023-2024
1869,87,17,2023-09-19,18:00,2023-2024
1870,74,11,2023-09-19,08:00,2023-2024
1871,83,16,2023-09-16,10:00,2023-2024
1872,55,9,2023-09-18,18:00,2023-2024
1873,42,14,2023-09-19,14:00,2023-2024
1874,36,11,2023-09-15,14:00,2023-2024
1875,54,7,2023-09-16,18:00,2023-2024
1876,28,9,2023-09-16,14:00,2023-2024
1877,65,1,2023-09-17,16:00,2023-2024
1878,76,3,2023-09-18,10:00,2023-2024
1879,57,6,2023-09-15,12:00,2023-2024
1880,81,12,2023-09-18,14:00,2023-2024
1881,30,14,2023-09-16,14:00,2023-2024
1882,22,6,2023-09-15,08:00,2023-2024
1883,31,3,2023-09-18,12:00,2023-2024
1884,33,1,2023-09-17,08:00,2023-2024
1885,85,15,2023-09-17,12:00,2023-2024
1886,70,17,2023-09-16,10:00,2023-2024
1887,3,19,2023-09-15,18:00,2023-2024
1888,62,15,2023-09-19,16:00,2023-2024
1889,69,8,2023-09-17,16:00,2023-2024
1890,39,7,2023-09-16,10:00,2023-2024
1891,1,15,2023-09-25,16:00,2023-2024
1892,15,20,2023-09-22,10:00,2023-2024
1893,32,4,2023-09-25,12:00,2023-2024
1894,83,2,2023-09-26,16:00,2023-2024
1895,43,2,2023-09-24,12:00,2023-2024
1896,75,5,2023-09-25,18:00,2023-2024
1897,59,18,2023-09-22,16:00,2023-2024
1898,39,14,2023-09-23,08:00,2023-2024
1899,37,5,2023-09-23,18:00,2023-2024
1900,82,5,2023-09-25,12:00,2023-2024
1901,85,15,2023-09-26,18:00,2023-2024
1902,62,11,2023-09-24,10:00,2023-2024
1903,16,19,2023-09-24,12:00,2023-2024
1904,31,4,2023-09-26,10:00,2023-2024
1905,9,13,2023-09-25,16:00,2023-2024
1906,58,8,2023-09-24,08:00,2023-2024
1907,57,1,2023-09-26,18:00,2023-2024
1908,21,11,2023-09-22,14:00,2023-2024
1909,63,17,2023-09-25,10:00,2023-2024
1910,10,7,2023-09-25,08:00,2023-2024
1911,80,5,2023-09-22,08:00,2023-2024
1912,46,12,2023-09-22,08:00,2023-2024
1913,20,8,2023-09-24,16:00,2023-2024
1914,27,16,2023-09-25,12:00,2023-2024
1915,6,1,2023-09-25,08:00,2023-2024
1916,3,20,2023-09-22,16:00,2023-2024
1917,52,4,2023-09-22,14:00,2023-2024
1918,53,1,2023-09-24,14:00,2023-2024
1919,73,13,2023-09-24,18:00,2023-2024
1920,14,1,2023-09-26,18:00,2023-2024
1921,61,19,2023-10-01,10:00,2023-2024
1922,34,1,2023-10-03,18:00,2023-2024
1923,65,9,2023-10-03,18:00,2023-2024
1924,66,11,2023-10-02,10:00,2023-2024
1925,21,6,2023-10-03,12:00,2023-2024
1926,77,8,2023-09-30,14:00,2023-2024
1927,53,16,2023-10-02,16:00,2023-2024
1928,59,11,2023-10-01,12:00,2023-2024
1929,67,20,2023-10-01,14:00,2023-2024
1930,22,20,2023-10-02,10:00,2023-2024
1931,7,18,2023-10-03,14:00,2023-2024
1932,2,6,2023-10-01,12:00,2023-2024
1933,28,3,2023-09-30,16:00,2023-2024
1934,68,4,2023-10-03,18:00,2023-2024
1935,83,6,2023-09-29,12:00,2023-2024
1936,42,18,2023-09-30,10:00,2023-2024
1937,55,4,2023-10-02,10:00,2023-2024
1938,62,20,2023-09-29,12:00,2023-2024
1939,50,2,2023-10-01,12:00,2023-2024
1940,48,3,2023-10-02,14:00,2023-2024
1941,1,13,2023-09-30,10:00,2023-2024
1942,47,15,2023-10-02,18:00,2023-2024
1943,44,20,2023-09-30,14:00,2023-2024
1944,86,16,2023-10-01,08:00,2023-2024
1945,58,1,2023-10-01,10:00,2023-2024
1946,72,11,2023-09-29,08:00,2023-2024
1947,71,6,2023-10-02,14:00,2023-2024
1948,75,13,2023-10-02,08:00,2023-2024
1949,24,3,2023-09-29,14:00,2023-2024
1950,60,18,2023-10-03,16:00,2023-2024
1951,60,17,2023-10-06,10:00,2023-2024
1952,49,1,2023-10-07,10:00,2023-2024
1953,50,9,2023-10-08,16:00,2023-2024
1954,46,7,2023-10-09,12:00,2023-2024
1955,11,15,2023-10-08,10:00,2023-2024
1956,21,15,2023-10-06,12:00,2023-2024
1957,35,4,2023-10-08,08:00,2023-2024
1958,3,13,2023-10-09,12:00,2023-2024
1959,79,2,2023-10-10,12:00,2023-2024
1960,25,19,2023-10-10,14:00,2023-2024
1961,40,14,2023-10-08,16:00,2023-2024
1962,17,3,2023-10-10,08:00,2023-2024
1963,76,20,2023-10-06,14:00,2023-2024
1964,9,5,2023-10-07,14:00,2023-2024
1965,32,7,2023-10-07,14:00,2023-2024
1966,61,9,2023-10-07,14:00,2023-2024
1967,12,15,2023-10-07,08:00,2023-2024
1968,81,10,2023-10-06,12:00,2023-2024
1969,66,20,2023-10-06,10:00,2023-2024
1970,41,9,2023-10-10,18:00,2023-2024
1971,19,13,2023-10-10,10:00,2023-2024
1972,69,8,2023-10-06,14:00,2023-2024
1973,83,7,2023-10-10,14:00,2023-2024
1974,58,2,2023-10-10,14:00,2023-2024
1975,74,11,2023-10-08,18:00,2023-2024
1976,86,2,2023-10-09,16:00,2023-2024
1977,5,13,2023-10-07,14:00,2023-2024
1978,71,1,2023-10-07,14:00,2023-2024
1979,2,6,2023-10-07,18:00,2023-2024
1980,24,13,2023-10-08,10:00,2023-2024
1981,34,9,2023-10-17,16:00,2023-2024
1982,14,11,2023-10-15,12:00,2023-2024
1983,43,14,2023-10-13,18:00,2023-2024
1984,62,11,2023-10-16,10:00,2023-2024
1985,47,10,2023-10-13,12:00,2023-2024
1986,86,20,2023-10-14,10:00,2023-2024
1987,84,12,2023-10-17,12:00,2023-2024
1988,58,17,2023-10-14,18:00,2023-2024
1989,56,12,2023-10-16,10:00,2023-2024
1990,74,7,2023-10-17,16:00,2023-2024
1991,19,18,2023-10-13,10:00,2023-2024
1992,30,19,2023-10-16,12:00,2023-2024
1993,26,15,2023-10-15,12:00,2023-2024
1994,7,3,2023-10-16,14:00,2023-2024
1995,55,19,2023-10-16,10:00,2023-2024
1996,63,18,2023-10-17,16:00,2023-2024
1997,18,11,2023-10-13,16:00,2023-2024
1998,81,18,2023-10-16,08:00,2023-2024
1999,9,7,2023-10-13,08:00,2023-2024
2000,87,18,2023-10-17,18:00,2023-2024
2001,1,14,2023-10-14,10:00,2023-2024
2002,61,20,2023-10-16,08:00,2023-2024
2003,60,17,2023-10-14,08:00,2023-2024
2004,20,18,2023-10-15,12:00,2023-2024
2005,64,18,2023-10-15,10:00,2023-2024
2006,28,19,2023-10-14,12:00,2023-2024
2007,49,13,2023-10-16,16:00,2023-2024
2008,35,15,2023-10-14,12:00,2023-2024
2009,17,11,2023-10-17,16:00,2023-2024
2010,67,2,2023-10-16,18:00,2023-2024
2011,30,7,2023-10-20,16:00,2023-2024
2012,74,14,2023-10-22,10:00,2023-2024
2013,75,14,2023-10-24,18:00,2023-2024
2014,58,15,2023-10-23,08:00,2023-2024
2015,36,10,2023-10-22,16:00,2023-2024
2016,61,5,2023-10-20,16:00,2023-2024
2017,53,11,2023-10-23,14:00,2023-2024
2018,86,7,2023-10-23,16:00,2023-2024
2019,24,7,2023-10-22,10:00,2023-2024
2020,6,8,2023-10-20,14:00,2023-2024
2021,80,6,2023-10-23,10:00,2023-2024
2022,52,8,2023-10-23,08:00,2023-2024
2023,28,20,2023-10-21,10:00,2023-2024
2024,33,1,2023-10-22,14:00,2023-2024
2025,57,16,2023-10-21,10:00,2023-2024
2026,77,17,2023-10-22,10:00,2023-2024
2027,22,12,2023-10-24,10:00,2023-2024
2028,64,1,2023-10-22,14:00,2023-2024
2029,20,9,2023-10-21,12:00,2023-2024
2030,5,10,2023-10-20,16:00,2023-2024
2031,14,14,2023-10-20,16:00,2023-2024
2032,15,12,2023-10-21,12:00,2023-2024
2033,46,10,2023-10-21,18:00,2023-2024
2034,29,14,2023-10-24,10:00,2023-2024
2035,26,12,2023-10-21,16:00,2023-2024
2036,78,20,2023-10-21,08:00,2023-2024
2037,73,12,2023-10-24,18:00,2023-2024
2038,51,11,2023-10-21,14:00,2023-2024
2039,2,10,2023-10-20,08:00,2023-2024
2040,68,19,2023-10-20,14:00,2023-2024
2041,38,15,2023-10-31,14:00,2023-2024
2042,61,11,2023-10-28,08:00,2023-2024
2043,87,2,2023-10-30,14:00,2023-2024
2044,30,8,2023-10-27,18:00,2023-2024
2045,35,18,2023-10-30,12:00,2023-2024
2046,14,15,2023-10-28,14:00,2023-2024
2047,58,20,2023-10-28,08:00,2023-2024
2048,15,6,2023-10-31,10:00,2023-2024
2049,28,5,2023-10-30,10:00,2023-2024
2050,60,20,2023-10-29,16:00,2023-2024
2051,59,15,2023-10-30,18:00,2023-2024
2052,26,12,2023-10-30,10:00,2023-2024
2053,17,7,2023-10-29,14:00,2023-2024
2054,48,19,2023-10-28,12:00,2023-2024
2055,13,19,2023-10-28,08:00,2023-2024
2056,29,13,2023-10-27,14:00,2023-2024
2057,41,19,2023-10-31,18:00,2023-2024
2058,44,1,2023-10-27,16:00,2023-2024
2059,56,13,2023-10-28,08:00,2023-2024
2060,33,11,2023-10-27,10:00,2023-2024
2061,52,20,2023-10-29,08:00,2023-2024
2062,47,2,2023-10-30,10:00,2023-2024
2063,69,20,2023-10-27,12:00,2023-2024
2064,86,6,2023-10-30,10:00,2023-2024
2065,78,3,2023-10-27,14:00,2023-2024
2066,71,5,2023-10-30,14:00,2023-2024
2067,32,14,2023-10-27,08:00,2023-2024
2068,37,19,2023-10-31,08:00,2023-2024
2069,82,5,2023-10-31,08:00,2023-2024
2070,42,20,2023-10-28,12:00,2023-2024
2071,53,7,2023-11-06,12:00,2023-2024
2072,14,6,2023-11-03,16:00,2023-2024
2073,84,5,2023-11-07,10:00,2023-2024
2074,54,8,2023-11-03,18:00,2023-2024
2075,29,20,2023-11-07,10:00,2023-2024
2076,20,16,2023-11-04,10:00,2023-2024
2077,16,3,2023-11-04,10:00,2023-2024
2078,59,15,2023-11-07,12:00,2023-2024
2079,40,8,2023-11-07,08:00,2023-2024
2080,7,11,2023-11-06,12:00,2023-2024
2081,43,6,2023-11-07,08:00,2023-2024
2082,6,11,2023-11-04,08:00,2023-2024
2083,48,14,2023-11-04,14:00,2023-2024
2084,2,17,2023-11-05,18:00,2023-2024
2085,24,3,2023-11-04,18:00,2023-2024
2086,68,17,2023-11-06,12:00,2023-2024
2087,41,18,2023-11-04,10:00,2023-2024
2088,80,3,2023-11-06,14:00,2023-2024
2089,64,9,2023-11-06,18:00,2023-2024
2090,34,3,2023-11-06,12:00,2023-2024
2091,67,11,2023-11-03,14:00,2023-2024
2092,36,4,2023-11-06,16:00,2023-2024
2093,51,7,2023-11-06,12:00,2023-2024
2094,12,3,2023-11-05,08:00,2023-2024
2095,21,1,2023-11-03,18:00,2023-2024
2096,58,5,2023-11-05,18:00,2023-2024
2097,37,7,2023-11-05,18:00,2023-2024
2098,79,15,2023-11-06,12:00,2023-2024
2099,65,15,2023-11-05,16:00,2023-2024
2100,45,11,2023-11-07,08:00,2023-2024
2101,85,17,2023-11-14,16:00,2023-2024
2102,52,11,2023-11-10,18:00,2023-2024
2103,17,16,2023-11-12,08:00,2023-2024
2104,45,1,2023-11-13,08:00,2023-2024
2105,70,4,2023-11-13,12:00,2023-2024
2106,29,20,2023-11-13,12:00,2023-2024
2107,10,10,2023-11-13,14:00,2023-2024
2108,81,15,2023-11-10,16:00,2023-2024
2109,58,3,2023-11-10,14:00,2023-2024
2110,40,12,2023-11-10,14:00,2023-2024
2111,63,20,2023-11-12,16:00,2023-2024
2112,4,18,2023-11-10,18:00,2023-2024
2113,8,14,2023-11-10,14:00,2023-2024
2114,24,17,2023-11-11,18:00,2023-2024
2115,56,2,2023-11-14,10:00,2023-2024
2116,48,1,2023-11-12,16:00,2023-2024
2117,44,7,2023-11-13,16:00,2023-2024
2118,19,16,2023-11-10,12:00,2023-2024
2119,27,12,2023-11-12,10:00,2023-2024
2120,6,6,2023-11-14,14:00,2023-2024
2121,5,11,2023-11-11,14:00,2023-2024
2122,16,6,2023-11-13,10:00,2023-2024
2123,33,1,2023-11-14,12:00,2023-2024
2124,79,8,2023-11-11,10:00,2023-2024
2125,30,14,2023-11-14,10:00,2023-2024
2126,13,5,2023-11-10,18:00,2023-2024
2127,31,19,2023-11-13,14:00,2023-2024
2128,77,11,2023-11-10,08:00,2023-2024
2129,59,11,2023-11-10,10:00,2023-2024
2130,47,16,2023-11-10,12:00,2023-2024
2131,69,20,2023-11-19,18:00,2023-2024
2132,2,17,2023-11-19,12:00,2023-2024
2133,52,12,2023-11-18,16:00,2023-2024
2134,53,9,2023-11-17,12:00,2023-2024
2135,48,18,2023-11-19,08:00,2023-2024
2136,36,8,2023-11-21,18:00,2023-2024
2137,19,16,2023-11-21,12:00,2023-2024
2138,41,12,2023-11-21,10:00,2023-2024
2139,29,16,2023-11-17,12:00,2023-2024
2140,13,7,2023-11-17,12:00,2023-2024
2141,27,11,2023-11-21,12:00,2023-2024
2142,5,1,2023-11-17,18:00,2023-2024
2143,80,17,2023-11-18,16:00,2023-2024
2144,68,17,2023-11-21,18:00,2023-2024
2145,35,16,2023-11-18,10:00,2023-2024
2146,3,11,2023-11-20,14:00,2023-2024
2147,65,6,2023-11-18,12:00,2023-2024
2148,43,8,2023-11-18,12:00,2023-2024
2149,72,19,2023-11-18,18:00,2023-2024
2150,34,18,2023-11-20,18:00,2023-2024
2151,12,16,2023-11-17,12:00,2023-2024
2152,60,1,2023-11-19,12:00,2023-2024
2153,26,4,2023-11-20,10:00,2023-2024
2154,75,4,2023-11-18,08:00,2023-2024
2155,74,3,2023-11-18,16:00,2023-2024
2156,30,2,2023-11-17,08:00,2023-2024
2157,28,10,2023-11-20,16:00,2023-2024
2158,47,7,2023-11-18,08:00,2023-2024
2159,18,17,2023-11-20,12:00,2023-2024
2160,51,1,2023-11-19,08:00,2023-2024
2161,3,11,2023-11-26,18:00,2023-2024
2162,39,5,2023-11-28,18:00,2023-2024
2163,31,17,2023-11-24,14:00,2023-2024
2164,41,13,2023-11-28,12:00,2023-2024
2165,69,17,2023-11-27,10:00,2023-2024
2166,70,10,2023-11-26,08:00,2023-2024
2167,13,8,2023-11-28,16:00,2023-2024
2168,65,11,2023-11-25,10:00,2023-2024
2169,38,7,2023-11-25,08:00,2023-2024
2170,34,16,2023-11-24,08:00,2023-2024
2171,25,8,2023-11-25,16:00,2023-2024
2172,85,20,2023-11-28,16:00,2023-2024
2173,29,4,2023-11-28,18:00,2023-2024
2174,1,19,2023-11-25,12:00,2023-2024
2175,9,17,2023-11-27,16:00,2023-2024
2176,84,11,2023-11-28,18:00,2023-2024
2177,17,12,2023-11-28,14:00,2023-2024
2178,48,1,2023-11-28,12:00,2023-2024
2179,5,19,2023-11-27,18:00,2023-2024
2180,80,17,2023-11-25,08:00,2023-2024
2181,27,11,2023-11-25,10:00,2023-2024
2182,53,1,2023-11-24,18:00,2023-2024
2183,54,4,2023-11-28,08:00,2023-2024
2184,18,9,2023-11-28,12:00,2023-2024
2185,22,7,2023-11-26,12:00,2023-2024
2186,46,4,2023-11-26,10:00,2023-2024
2187,30,20,2023-11-28,18:00,2023-2024
2188,14,1,2023-11-26,18:00,2023-2024
2189,81,14,2023-11-27,14:00,2023-2024
2190,77,9,2023-11-28,08:00,2023-2024
2191,16,19,2023-12-04,14:00,2023-2024
2192,54,5,2023-12-02,10:00,2023-2024
2193,2,5,2023-12-05,16:00,2023-2024
2194,43,7,2023-12-05,08:00,2023-2024
2195,3,6,2023-12-01,10:00,2023-2024
2196,52,15,2023-12-05,08:00,2023-2024
2197,12,5,2023-12-03,16:00,2023-2024
2198,74,9,2023-12-04,12:00,2023-2024
2199,77,20,2023-12-02,14:00,2023-2024
2200,9,14,2023-12-01,08:00,2023-2024
2201,36,8,2023-12-01,14:00,2023-2024
2202,15,4,2023-12-03,18:00,2023-2024
2203,70,2,2023-12-01,16:00,2023-2024
2204,33,5,2023-12-01,16:00,2023-2024
2205,60,19,2023-12-05,18:00,2023-2024
2206,82,16,2023-12-05,10:00,2023-2024
2207,78,16,2023-12-03,18:00,2023-2024
2208,51,1,2023-12-05,18:00,2023-2024
2209,11,19,2023-12-05,08:00,2023-2024
2210,79,3,2023-12-01,14:00,2023-2024
2211,34,5,2023-12-02,10:00,2023-2024
2212,25,4,2023-12-05,12:00,2023-2024
2213,4,4,2023-12-01,18:00,2023-2024
2214,69,8,2023-12-01,18:00,2023-2024
2215,32,8,2023-12-01,16:00,2023-2024
2216,75,2,2023-12-02,10:00,2023-2024
2217,29,18,2023-12-01,12:00,2023-2024
2218,28,7,2023-12-04,10:00,2023-2024
2219,71,14,2023-12-01,14:00,2023-2024
2220,48,8,2023-12-03,08:00,2023-2024
2221,53,6,2023-12-11,18:00,2023-2024
2222,38,15,2023-12-09,12:00,2023-2024
2223,40,8,2023-12-10,14:00,2023-2024
2224,67,10,2023-12-09,18:00,2023-2024
2225,24,5,2023-12-08,18:00,2023-2024
2226,16,19,2023-12-10,08:00,2023-2024
2227,21,4,2023-12-10,18:00,2023-2024
2228,57,6,2023-12-12,10:00,2023-2024
2229,84,4,2023-12-09,10:00,2023-2024
2230,72,14,2023-12-08,08:00,2023-2024
2231,45,19,2023-12-09,14:00,2023-2024
2232,39,4,2023-12-09,08:00,2023-2024
2233,13,4,2023-12-09,16:00,2023-2024
2234,36,2,2023-12-08,08:00,2023-2024
2235,75,10,2023-12-08,08:00,2023-2024
2236,32,1,2023-12-12,12:00,2023-2024
2237,62,15,2023-12-09,10:00,2023-2024
2238,43,12,2023-12-08,16:00,2023-2024
2239,37,15,2023-12-11,08:00,2023-2024
2240,70,5,2023-12-12,10:00,2023-2024
2241,28,12,2023-12-08,18:00,2023-2024
2242,59,7,2023-12-09,08:00,2023-2024
2243,5,12,2023-12-08,10:00,2023-2024
2244,1,19,2023-12-12,16:00,2023-2024
2245,42,17,2023-12-08,14:00,2023-2024
2246,80,18,2023-12-11,12:00,2023-2024
2247,55,16,2023-12-09,10:00,2023-2024
2248,14,10,2023-12-10,14:00,2023-2024
2249,58,6,2023-12-08,10:00,2023-2024
2250,56,11,2023-12-09,10:00,2023-2024
2251,29,19,2023-12-19,16:00,2023-2024
2252,65,14,2023-12-18,08:00,2023-2024
2253,32,20,2023-12-15,08:00,2023-2024
2254,69,18,2023-12-17,16:00,2023-2024
2255,59,17,2023-12-18,16:00,2023-2024
2256,38,1,2023-12-16,10:00,2023-2024
2257,20,15,2023-12-17,16:00,2023-2024
2258,9,2,2023-12-16,16:00,2023-2024
2259,39,3,2023-12-15,10:00,2023-2024
2260,25,18,2023-12-15,08:00,2023-2024
2261,49,7,2023-12-17,18:00,2023-2024
2262,83,16,2023-12-18,10:00,2023-2024
2263,34,3,2023-12-19,14:00,2023-2024
2264,67,6,2023-12-16,18:00,2023-2024
2265,54,1,2023-12-16,08:00,2023-2024
2266,46,8,2023-12-15,08:00,2023-2024
2267,70,18,2023-12-19,16:00,2023-2024
2268,63,15,2023-12-15,18:00,2023-2024
2269,33,4,2023-12-19,18:00,2023-2024
2270,42,11,2023-12-16,18:00,2023-2024
2271,60,17,2023-12-16,14:00,2023-2024
2272,35,1,2023-12-18,16:00,2023-2024
2273,53,15,2023-12-17,10:00,2023-2024
2274,23,8,2023-12-16,10:00,2023-2024
2275,72,8,2023-12-19,18:00,2023-2024
2276,24,8,2023-12-16,16:00,2023-2024
2277,52,13,2023-12-16,12:00,2023-2024
2278,55,14,2023-12-16,10:00,2023-2024
2279,87,14,2023-12-16,10:00,2023-2024
2280,45,18,2023-12-16,14:00,2023-2024
2281,44,15,2023-12-24,16:00,2023-2024
2282,20,2,2023-12-24,16:00,2023-2024
2283,28,1,2023-12-22,14:00,2023-2024
2284,64,2,2023-12-23,16:00,2023-2024
2285,54,1,2023-12-25,12:00,2023-2024
2286,52,14,2023-12-25,16:00,2023-2024
2287,51,15,2023-12-26,18:00,2023-2024
2288,9,5,2023-12-26,18:00,2023-2024
2289,38,5,2023-12-24,12:00,2023-2024
2290,25,17,2023-12-22,12:00,2023-2024
2291,2,8,2023-12-23,14:00,2023-2024
2292,19,20,2023-12-26,16:00,2023-2024
2293,83,5,2023-12-26,10:00,2023-2024
2294,61,8,2023-12-26,16:00,2023-2024
2295,6,2,2023-12-23,10:00,2023-2024
2296,71,17,2023-12-25,12:00,2023-2024
2297,12,16,2023-12-23,16:00,2023-2024
2298,33,20,2023-12-22,08:00,2023-2024
2299,3,14,2023-12-24,12:00,2023-2024
2300,82,9,2023-12-26,10:00,2023-2024
2301,40,18,2023-12-24,16:00,2023-2024
2302,72,2,2023-12-23,10:00,2023-2024
2303,76,12,2023-12-24,08:00,2023-2024
2304,11,11,2023-12-26,14:00,2023-2024
2305,57,17,2023-12-24,12:00,2023-2024
2306,56,19,2023-12-24,10:00,2023-2024
2307,74,1,2023-12-23,08:00,2023-2024
2308,26,8,2023-12-22,08:00,2023-2024
2309,22,9,2023-12-25,12:00,2023-2024
2310,10,18,2023-12-23,10:00,2023-2024
2311,69,4,2023-12-29,10:00,2023-2024
2312,25,7,2024-01-02,08:00,2023-2024
2313,15,4,2023-12-30,14:00,2023-2024
2314,6,11,2023-12-29,08:00,2023-2024
2315,38,19,2024-01-01,16:00,2023-2024
2316,58,15,2023-12-29,12:00,2023-2024
2317,56,7,2023-12-29,12:00,2023-2024
2318,73,12,2024-01-01,10:00,2023-2024
2319,29,3,2023-12-29,12:00,2023-2024
2320,81,16,2023-12-31,14:00,2023-2024
2321,28,1,2024-01-01,16:00,2023-2024
2322,31,7,2023-12-29,10:00,2023-2024
2323,4,12,2023-12-31,16:00,2023-2024
2324,80,3,2023-12-31,16:00,2023-2024
2325,23,3,2024-01-02,10:00,2023-2024
2326,71,14,2023-12-31,18:00,2023-2024
2327,39,7,2023-12-29,10:00,2023-2024
2328,10,13,2023-12-30,14:00,2023-2024
2329,12,18,2023-12-30,14:00,2023-2024
2330,55,12,2024-01-02,08:00,2023-2024
2331,48,12,2024-01-02,12:00,2023-2024
2332,51,16,2023-12-31,18:00,2023-2024
2333,47,9,2023-12-29,08:00,2023-2024
2334,1,1,2023-12-30,16:00,2023-2024
2335,21,18,2024-01-02,16:00,2023-2024
2336,18,12,2023-12-30,18:00,2023-2024
2337,2,1,2023-12-29,18:00,2023-2024
2338,72,12,2024-01-01,16:00,2023-2024
2339,66,9,2023-12-30,14:00,2023-2024
2340,36,13,2023-12-31,14:00,2023-2024
2341,78,3,2024-01-08,08:00,2023-2024
2342,11,10,2024-01-07,16:00,2023-2024
2343,8,20,2024-01-06,14:00,2023-2024
2344,66,3,2024-01-05,16:00,2023-2024
2345,40,5,2024-01-06,10:00,2023-2024
2346,64,1,2024-01-08,18:00,2023-2024
2347,86,7,2024-01-09,10:00,2023-2024
2348,81,5,2024-01-07,08:00,2023-2024
2349,60,1,2024-01-08,08:00,2023-2024
2350,10,1,2024-01-06,16:00,2023-2024
2351,79,5,2024-01-05,08:00,2023-2024
2352,28,18,2024-01-07,18:00,2023-2024
2353,54,10,2024-01-06,10:00,2023-2024
2354,5,4,2024-01-09,12:00,2023-2024
2355,24,10,2024-01-08,08:00,2023-2024
2356,23,6,2024-01-06,08:00,2023-2024
2357,43,13,2024-01-05,10:00,2023-2024
2358,33,14,2024-01-05,18:00,2023-2024
2359,85,16,2024-01-06,12:00,2023-2024
2360,36,5,2024-01-07,12:00,2023-2024
2361,69,19,2024-01-09,10:00,2023-2024
2362,72,16,2024-01-05,08:00,2023-2024
2363,4,10,2024-01-09,12:00,2023-2024
2364,71,5,2024-01-05,12:00,2023-2024
2365,56,19,2024-01-05,16:00,2023-2024
2366,13,10,2024-01-05,12:00,2023-2024
2367,20,14,2024-01-07,16:00,2023-2024
2368,7,18,2024-01-06,12:00,2023-2024
2369,52,13,2024-01-06,08:00,2023-2024
2370,38,5,2024-01-08,14:00,2023-2024
2371,54,1,2024-01-13,08:00,2023-2024
2372,22,8,2024-01-13,14:00,2023-2024
2373,21,20,2024-01-15,10:00,2023-2024
2374,41,9,2024-01-16,18:00,2023-2024
2375,72,19,2024-01-14,12:00,2023-2024
2376,2,13,2024-01-12,16:00,2023-2024
2377,4,17,2024-01-14,16:00,2023-2024
2378,15,19,2024-01-15,16:00,2023-2024
2379,84,5,2024-01-15,10:00,2023-2024
2380,17,5,2024-01-14,10:00,2023-2024
2381,13,7,2024-01-16,16:00,2023-2024
2382,66,17,2024-01-15,08:00,2023-2024
2383,14,8,2024-01-13,08:00,2023-2024
2384,24,7,2024-01-12,16:00,2023-2024
2385,44,12,2024-01-16,08:00,2023-2024
2386,38,1,2024-01-14,14:00,2023-2024
2387,48,18,2024-01-16,16:00,2023-2024
2388,35,18,2024-01-15,08:00,2023-2024
2389,49,4,2024-01-14,08:00,2023-2024
2390,80,18,2024-01-16,16:00,2023-2024
2391,70,17,2024-01-15,18:00,2023-2024
2392,81,5,2024-01-15,10:00,2023-2024
2393,67,1,2024-01-16,12:00,2023-2024
2394,65,6,2024-01-14,14:00,2023-2024
2395,7,16,2024-01-16,10:00,2023-2024
2396,23,17,2024-01-12,10:00,2023-2024
2397,46,15,2024-01-15,18:00,2023-2024
2398,79,15,2024-01-13,08:00,2023-2024
2399,58,17,2024-01-13,12:00,2023-2024
2400,57,5,2024-01-16,12:00,2023-2024
2401,62,2,2024-09-03,10:00,2024-2025
2402,55,4,2024-09-04,08:00,2024-2025
2403,13,17,2024-09-03,12:00,2024-2025
2404,6,3,2024-09-03,14:00,2024-2025
2405,43,10,2024-09-01,12:00,2024-2025
2406,69,1,2024-09-01,08:00,2024-2025
2407,68,7,2024-09-03,16:00,2024-2025
2408,23,3,2024-09-01,14:00,2024-2025
2409,10,7,2024-09-01,10:00,2024-2025
2410,26,1,2024-09-01,08:00,2024-2025
2411,54,20,2024-09-02,18:00,2024-2025
2412,36,5,2024-09-05,16:00,2024-2025
2413,76,14,2024-09-02,10:00,2024-2025
2414,11,17,2024-09-05,08:00,2024-2025
2415,24,15,2024-09-01,10:00,2024-2025
2416,34,19,2024-09-03,10:00,2024-2025
2417,38,5,2024-09-05,14:00,2024-2025
2418,66,17,2024-09-02,10:00,2024-2025
2419,57,13,2024-09-04,12:00,2024-2025
2420,73,5,2024-09-03,10:00,2024-2025
2421,67,6,2024-09-03,16:00,2024-2025
2422,56,6,2024-09-03,18:00,2024-2025
2423,16,19,2024-09-03,18:00,2024-2025
2424,65,13,2024-09-01,16:00,2024-2025
2425,20,14,2024-09-02,12:00,2024-2025
2426,50,14,2024-09-02,14:00,2024-2025
2427,8,16,2024-09-04,12:00,2024-2025
2428,61,5,2024-09-02,08:00,2024-2025
2429,48,5,2024-09-05,10:00,2024-2025
2430,87,13,2024-09-04,16:00,2024-2025
2431,15,19,2024-09-11,12:00,2024-2025
2432,36,11,2024-09-11,12:00,2024-2025
2433,14,2,2024-09-09,18:00,2024-2025
2434,77,13,2024-09-11,08:00,2024-2025
2435,80,17,2024-09-12,12:00,2024-2025
2436,21,17,2024-09-10,08:00,2024-2025
2437,64,5,2024-09-08,16:00,2024-2025
2438,16,5,2024-09-12,08:00,2024-2025
2439,70,19,2024-09-09,18:00,2024-2025
2440,7,18,2024-09-10,10:00,2024-2025
2441,41,18,2024-09-10,12:00,2024-2025
2442,65,20,2024-09-10,10:00,2024-2025
2443,82,9,2024-09-10,14:00,2024-2025
2444,57,18,2024-09-12,14:00,2024-2025
2445,49,6,2024-09-09,14:00,2024-2025
2446,68,13,2024-09-12,10:00,2024-2025
2447,27,3,2024-09-11,16:00,2024-2025
2448,34,14,2024-09-11,12:00,2024-2025
2449,76,4,2024-09-09,08:00,2024-2025
2450,37,1,2024-09-09,12:00,2024-2025
2451,8,4,2024-09-10,14:00,2024-2025
2452,79,9,2024-09-11,08:00,2024-2025
2453,20,9,2024-09-08,14:00,2024-2025
2454,18,6,2024-09-09,16:00,2024-2025
2455,54,3,2024-09-10,10:00,2024-2025
2456,17,17,2024-09-12,18:00,2024-2025
2457,11,15,2024-09-12,12:00,2024-2025
2458,3,12,2024-09-11,10:00,2024-2025
2459,56,4,2024-09-08,16:00,2024-2025
2460,12,20,2024-09-09,18:00,2024-2025
2461,30,6,2024-09-15,16:00,2024-2025
2462,68,17,2024-09-16,18:00,2024-2025
2463,59,1,2024-09-18,08:00,2024-2025
2464,27,13,2024-09-19,18:00,2024-2025
2465,84,19,2024-09-16,14:00,2024-2025
2466,69,19,2024-09-17,14:00,2024-2025
2467,6,2,2024-09-18,16:00,2024-2025
2468,49,15,2024-09-18,16:00,2024-2025
2469,65,9,2024-09-19,18:00,2024-2025
2470,28,2,2024-09-19,12:00,2024-2025
2471,5,10,2024-09-19,08:00,2024-2025
2472,15,18,2024-09-18,12:00,2024-2025
2473,82,3,2024-09-19,10:00,2024-2025
2474,14,20,2024-09-19,08:00,2024-2025
2475,64,7,2024-09-17,16:00,2024-2025
2476,38,17,2024-09-18,08:00,2024-2025
2477,19,19,2024-09-18,10:00,2024-2025
2478,35,7,2024-09-15,08:00,2024-2025
2479,43,11,2024-09-17,14:00,2024-2025
2480,29,3,2024-09-16,12:00,2024-2025
2481,73,2,2024-09-19,10:00,2024-2025
2482,48,15,2024-09-17,16:00,2024-2025
2483,21,15,2024-09-16,12:00,2024-2025
2484,32,14,2024-09-17,12:00,2024-2025
2485,39,16,2024-09-18,16:00,2024-2025
2486,66,11,2024-09-15,12:00,2024-2025
2487,56,18,2024-09-17,16:00,2024-2025
2488,71,1,2024-09-17,14:00,2024-2025
2489,2,2,2024-09-17,08:00,2024-2025
2490,83,7,2024-09-15,14:00,2024-2025
2491,41,6,2024-09-26,10:00,2024-2025
2492,46,18,2024-09-23,10:00,2024-2025
2493,61,2,2024-09-22,16:00,2024-2025
2494,72,5,2024-09-25,08:00,2024-2025
2495,31,3,2024-09-22,16:00,2024-2025
2496,85,3,2024-09-23,12:00,2024-2025
2497,47,4,2024-09-24,10:00,2024-2025
2498,29,14,2024-09-22,12:00,2024-2025
2499,16,6,2024-09-23,16:00,2024-2025
2500,4,9,2024-09-26,14:00,2024-2025
2501,58,17,2024-09-26,16:00,2024-2025
2502,13,7,2024-09-26,12:00,2024-2025
2503,43,1,2024-09-23,18:00,2024-2025
2504,9,17,2024-09-26,16:00,2024-2025
2505,24,5,2024-09-24,08:00,2024-2025
2506,86,9,2024-09-24,18:00,2024-2025
2507,19,19,2024-09-25,12:00,2024-2025
2508,6,16,2024-09-23,16:00,2024-2025
2509,66,12,2024-09-25,10:00,2024-2025
2510,57,3,2024-09-26,12:00,2024-2025
2511,45,20,2024-09-24,12:00,2024-2025
2512,15,2,2024-09-22,18:00,2024-2025
2513,2,10,2024-09-25,10:00,2024-2025
2514,73,15,2024-09-24,08:00,2024-2025
2515,83,16,2024-09-24,18:00,2024-2025
2516,74,4,2024-09-25,18:00,2024-2025
2517,28,4,2024-09-26,12:00,2024-2025
2518,56,12,2024-09-25,18:00,2024-2025
2519,26,5,2024-09-22,18:00,2024-2025
2520,5,8,2024-09-22,16:00,2024-2025
2521,61,20,2024-09-30,14:00,2024-2025
2522,85,12,2024-10-01,12:00,2024-2025
2523,17,18,2024-10-03,14:00,2024-2025
2524,46,10,2024-10-01,16:00,2024-2025
2525,20,14,2024-09-29,12:00,2024-2025
2526,70,7,2024-10-01,10:00,2024-2025
2527,52,3,2024-10-03,18:00,2024-2025
2528,44,14,2024-10-03,16:00,2024-2025
2529,27,2,2024-10-01,10:00,2024-2025
2530,43,8,2024-10-02,18:00,2024-2025
2531,39,14,2024-10-03,10:00,2024-2025
2532,10,3,2024-10-03,18:00,2024-2025
2533,65,19,2024-10-01,08:00,2024-2025
2534,66,5,2024-09-29,12:00,2024-2025
2535,54,3,2024-10-01,18:00,2024-2025
2536,15,20,2024-10-02,16:00,2024-2025
2537,55,18,2024-10-01,14:00,2024-2025
2538,13,20,2024-10-01,10:00,2024-2025
2539,51,16,2024-10-01,18:00,2024-2025
2540,56,14,2024-10-01,08:00,2024-2025
2541,83,18,2024-10-01,10:00,2024-2025
2542,75,6,2024-09-29,08:00,2024-2025
2543,18,20,2024-10-03,12:00,2024-2025
2544,84,5,2024-09-29,14:00,2024-2025
2545,9,5,2024-10-03,10:00,2024-2025
2546,3,12,2024-10-02,08:00,2024-2025
2547,71,17,2024-10-01,12:00,2024-2025
2548,30,3,2024-10-01,08:00,2024-2025
2549,29,8,2024-10-01,08:00,2024-2025
2550,5,11,2024-09-30,12:00,2024-2025
2551,20,5,2024-10-10,16:00,2024-2025
2552,60,12,2024-10-10,10:00,2024-2025
2553,56,2,2024-10-06,10:00,2024-2025
2554,36,3,2024-10-10,14:00,2024-2025
2555,42,1,2024-10-10,18:00,2024-2025
2556,3,20,2024-10-08,18:00,2024-2025
2557,59,4,2024-10-06,12:00,2024-2025
2558,14,5,2024-10-10,14:00,2024-2025
2559,38,11,2024-10-10,12:00,2024-2025
2560,12,20,2024-10-10,10:00,2024-2025
2561,35,10,2024-10-09,18:00,2024-2025
2562,32,5,2024-10-08,18:00,2024-2025
2563,87,11,2024-10-07,18:00,2024-2025
2564,44,2,2024-10-09,12:00,2024-2025
2565,66,12,2024-10-07,08:00,2024-2025
2566,81,13,2024-10-06,08:00,2024-2025
2567,24,10,2024-10-06,08:00,2024-2025
2568,52,12,2024-10-07,08:00,2024-2025
2569,54,11,2024-10-10,14:00,2024-2025
2570,47,8,2024-10-06,16:00,2024-2025
2571,46,18,2024-10-07,12:00,2024-2025
2572,53,11,2024-10-09,16:00,2024-2025
2573,34,7,2024-10-08,08:00,2024-2025
2574,1,2,2024-10-06,10:00,2024-2025
2575,70,6,2024-10-06,12:00,2024-2025
2576,41,2,2024-10-08,10:00,2024-2025
2577,67,18,2024-10-07,18:00,2024-2025
2578,17,18,2024-10-09,12:00,2024-2025
2579,10,15,2024-10-08,08:00,2024-2025
2580,86,18,2024-10-08,08:00,2024-2025
2581,26,2,2024-10-14,16:00,2024-2025
2582,41,5,2024-10-16,18:00,2024-2025
2583,70,5,2024-10-17,10:00,2024-2025
2584,64,20,2024-10-15,14:00,2024-2025
2585,8,19,2024-10-15,08:00,2024-2025
2586,61,12,2024-10-14,14:00,2024-2025
2587,23,20,2024-10-14,12:00,2024-2025
2588,79,13,2024-10-17,10:00,2024-2025
2589,5,1,2024-10-16,18:00,2024-2025
2590,83,3,2024-10-13,08:00,2024-2025
2591,71,16,2024-10-15,14:00,2024-2025
2592,58,6,2024-10-14,14:00,2024-2025
2593,75,10,2024-10-16,10:00,2024-2025
2594,69,14,2024-10-15,14:00,2024-2025
2595,48,10,2024-10-14,18:00,2024-2025
2596,67,3,2024-10-14,14:00,2024-2025
2597,25,14,2024-10-14,10:00,2024-2025
2598,47,2,2024-10-17,16:00,2024-2025
2599,1,18,2024-10-16,16:00,2024-2025
2600,73,19,2024-10-16,14:00,2024-2025
2601,13,18,2024-10-14,08:00,2024-2025
2602,11,10,2024-10-17,18:00,2024-2025
2603,85,14,2024-10-17,08:00,2024-2025
2604,2,11,2024-10-16,08:00,2024-2025
2605,17,10,2024-10-14,12:00,2024-2025
2606,40,11,2024-10-16,12:00,2024-2025
2607,51,19,2024-10-17,18:00,2024-2025
2608,21,12,2024-10-17,10:00,2024-2025
2609,62,1,2024-10-13,16:00,2024-2025
2610,78,19,2024-10-15,08:00,2024-2025
2611,20,19,2024-10-22,08:00,2024-2025
2612,6,1,2024-10-23,18:00,2024-2025
2613,73,17,2024-10-20,14:00,2024-2025
2614,26,17,2024-10-20,10:00,2024-2025
2615,85,17,2024-10-20,10:00,2024-2025
2616,46,14,2024-10-24,16:00,2024-2025
2617,13,6,2024-10-20,12:00,2024-2025
2618,43,19,2024-10-24,16:00,2024-2025
2619,79,5,2024-10-21,14:00,2024-2025
2620,19,5,2024-10-21,14:00,2024-2025
2621,60,14,2024-10-21,18:00,2024-2025
2622,36,4,2024-10-24,12:00,2024-2025
2623,48,19,2024-10-24,16:00,2024-2025
2624,3,14,2024-10-22,14:00,2024-2025
2625,76,5,2024-10-20,18:00,2024-2025
2626,9,18,2024-10-22,10:00,2024-2025
2627,51,9,2024-10-21,14:00,2024-2025
2628,61,20,2024-10-20,12:00,2024-2025
2629,30,3,2024-10-20,16:00,2024-2025
2630,72,14,2024-10-24,10:00,2024-2025
2631,84,5,2024-10-20,16:00,2024-2025
2632,23,3,2024-10-24,12:00,2024-2025
2633,12,7,2024-10-24,12:00,2024-2025
2634,68,11,2024-10-23,14:00,2024-2025
2635,16,17,2024-10-23,10:00,2024-2025
2636,47,20,2024-10-20,12:00,2024-2025
2637,49,16,2024-10-23,14:00,2024-2025
2638,54,4,2024-10-22,12:00,2024-2025
2639,71,17,2024-10-20,18:00,2024-2025
2640,82,17,2024-10-22,12:00,2024-2025
2641,46,6,2024-10-29,10:00,2024-2025
2642,19,7,2024-10-28,14:00,2024-2025
2643,23,3,2024-10-30,18:00,2024-2025
2644,83,14,2024-10-27,10:00,2024-2025
2645,28,15,2024-10-31,16:00,2024-2025
2646,56,11,2024-10-29,18:00,2024-2025
2647,16,13,2024-10-27,14:00,2024-2025
2648,48,6,2024-10-28,08:00,2024-2025
2649,15,16,2024-10-30,16:00,2024-2025
2650,38,7,2024-10-31,16:00,2024-2025
2651,7,16,2024-10-30,14:00,2024-2025
2652,74,20,2024-10-29,14:00,2024-2025
2653,63,9,2024-10-31,10:00,2024-2025
2654,24,2,2024-10-29,08:00,2024-2025
2655,69,9,2024-10-31,12:00,2024-2025
2656,29,9,2024-10-27,16:00,2024-2025
2657,30,19,2024-10-27,08:00,2024-2025
2658,64,20,2024-10-29,08:00,2024-2025
2659,72,17,2024-10-30,14:00,2024-2025
2660,73,1,2024-10-31,12:00,2024-2025
2661,37,8,2024-10-31,12:00,2024-2025
2662,42,19,2024-10-30,10:00,2024-2025
2663,41,19,2024-10-31,18:00,2024-2025
2664,53,10,2024-10-27,10:00,2024-2025
2665,68,1,2024-10-30,12:00,2024-2025
2666,52,11,2024-10-29,08:00,2024-2025
2667,33,10,2024-10-27,12:00,2024-2025
2668,87,20,2024-10-31,16:00,2024-2025
2669,10,18,2024-10-31,14:00,2024-2025
2670,78,17,2024-10-28,08:00,2024-2025
2671,17,6,2024-11-03,08:00,2024-2025
2672,45,15,2024-11-04,12:00,2024-2025
2673,14,20,2024-11-04,12:00,2024-2025
2674,23,2,2024-11-05,08:00,2024-2025
2675,79,4,2024-11-06,12:00,2024-2025
2676,54,19,2024-11-06,18:00,2024-2025
2677,7,15,2024-11-06,08:00,2024-2025
2678,16,17,2024-11-04,08:00,2024-2025
2679,31,4,2024-11-06,08:00,2024-2025
2680,22,14,2024-11-05,08:00,2024-2025
2681,39,20,2024-11-03,14:00,2024-2025
2682,55,4,2024-11-07,18:00,2024-2025
2683,61,10,2024-11-04,16:00,2024-2025
2684,51,11,2024-11-03,08:00,2024-2025
2685,71,13,2024-11-06,12:00,2024-2025
2686,8,13,2024-11-05,10:00,2024-2025
2687,52,15,2024-11-04,08:00,2024-2025
2688,21,18,2024-11-06,16:00,2024-2025
2689,40,6,2024-11-04,16:00,2024-2025
2690,62,1,2024-11-04,14:00,2024-2025
2691,67,5,2024-11-07,10:00,2024-2025
2692,47,4,2024-11-03,12:00,2024-2025
2693,69,10,2024-11-07,18:00,2024-2025
2694,1,10,2024-11-04,08:00,2024-2025
2695,26,19,2024-11-04,12:00,2024-2025
2696,87,16,2024-11-03,18:00,2024-2025
2697,50,4,2024-11-05,18:00,2024-2025
2698,76,16,2024-11-05,18:00,2024-2025
2699,53,2,2024-11-06,14:00,2024-2025
2700,58,4,2024-11-06,16:00,2024-2025
2701,16,4,2024-11-14,08:00,2024-2025
2702,32,13,2024-11-10,14:00,2024-2025
2703,78,10,2024-11-14,16:00,2024-2025
2704,1,8,2024-11-14,12:00,2024-2025
2705,51,8,2024-11-10,10:00,2024-2025
2706,58,14,2024-11-13,16:00,2024-2025
2707,22,1,2024-11-11,12:00,2024-2025
2708,69,11,2024-11-10,10:00,2024-2025
2709,71,17,2024-11-14,10:00,2024-2025
2710,21,4,2024-11-13,14:00,2024-2025
2711,49,12,2024-11-13,16:00,2024-2025
2712,62,8,2024-11-10,18:00,2024-2025
2713,3,18,2024-11-11,18:00,2024-2025
2714,34,13,2024-11-14,16:00,2024-2025
2715,6,8,2024-11-11,10:00,2024-2025
2716,59,16,2024-11-12,14:00,2024-2025
2717,63,19,2024-11-10,14:00,2024-2025
2718,83,13,2024-11-12,10:00,2024-2025
2719,77,7,2024-11-11,14:00,2024-2025
2720,68,16,2024-11-13,16:00,2024-2025
2721,61,4,2024-11-14,14:00,2024-2025
2722,81,4,2024-11-10,18:00,2024-2025
2723,23,3,2024-11-14,18:00,2024-2025
2724,86,9,2024-11-13,12:00,2024-2025
2725,66,19,2024-11-10,10:00,2024-2025
2726,12,8,2024-11-14,08:00,2024-2025
2727,50,13,2024-11-13,12:00,2024-2025
2728,11,9,2024-11-10,10:00,2024-2025
2729,85,20,2024-11-13,14:00,2024-2025
2730,53,20,2024-11-14,12:00,2024-2025
2731,24,2,2024-11-19,14:00,2024-2025
2732,10,16,2024-11-20,18:00,2024-2025
2733,30,10,2024-11-19,16:00,2024-2025
2734,33,4,2024-11-19,12:00,2024-2025
2735,62,9,2024-11-17,12:00,2024-2025
2736,76,4,2024-11-17,18:00,2024-2025
2737,68,8,2024-11-18,16:00,2024-2025
2738,81,15,2024-11-21,16:00,2024-2025
2739,51,10,2024-11-17,18:00,2024-2025
2740,64,9,2024-11-21,12:00,2024-2025
2741,44,19,2024-11-20,08:00,2024-2025
2742,75,14,2024-11-20,14:00,2024-2025
2743,53,12,2024-11-17,08:00,2024-2025
2744,65,11,2024-11-18,18:00,2024-2025
2745,4,7,2024-11-18,18:00,2024-2025
2746,38,9,2024-11-19,10:00,2024-2025
2747,26,17,2024-11-17,18:00,2024-2025
2748,70,7,2024-11-21,14:00,2024-2025
2749,8,4,2024-11-19,18:00,2024-2025
2750,84,20,2024-11-19,10:00,2024-2025
2751,14,7,2024-11-21,12:00,2024-2025
2752,12,18,2024-11-19,10:00,2024-2025
2753,36,7,2024-11-20,14:00,2024-2025
2754,58,16,2024-11-17,08:00,2024-2025
2755,39,15,2024-11-18,10:00,2024-2025
2756,20,14,2024-11-18,08:00,2024-2025
2757,21,4,2024-11-18,16:00,2024-2025
2758,63,3,2024-11-20,14:00,2024-2025
2759,72,3,2024-11-18,10:00,2024-2025
2760,18,8,2024-11-21,08:00,2024-2025
2761,75,12,2024-11-25,10:00,2024-2025
2762,2,8,2024-11-26,18:00,2024-2025
2763,55,12,2024-11-28,14:00,2024-2025
2764,30,20,2024-11-25,08:00,2024-2025
2765,61,2,2024-11-25,16:00,2024-2025
2766,78,11,2024-11-25,10:00,2024-2025
2767,76,6,2024-11-28,08:00,2024-2025
2768,85,7,2024-11-25,16:00,2024-2025
2769,51,17,2024-11-26,08:00,2024-2025
2770,10,1,2024-11-27,10:00,2024-2025
2771,60,4,2024-11-25,12:00,2024-2025
2772,23,9,2024-11-28,10:00,2024-2025
2773,15,19,2024-11-24,08:00,2024-2025
2774,41,9,2024-11-28,16:00,2024-2025
2775,8,18,2024-11-27,18:00,2024-2025
2776,4,12,2024-11-25,14:00,2024-2025
2777,16,3,2024-11-28,10:00,2024-2025
2778,70,6,2024-11-28,10:00,2024-2025
2779,38,18,2024-11-26,12:00,2024-2025
2780,20,19,2024-11-25,10:00,2024-2025
2781,13,5,2024-11-24,12:00,2024-2025
2782,87,15,2024-11-27,08:00,2024-2025
2783,58,6,2024-11-27,08:00,2024-2025
2784,65,16,2024-11-28,08:00,2024-2025
2785,17,20,2024-11-26,12:00,2024-2025
2786,69,1,2024-11-26,12:00,2024-2025
2787,36,1,2024-11-24,18:00,2024-2025
2788,33,10,2024-11-28,12:00,2024-2025
2789,71,9,2024-11-25,14:00,2024-2025
2790,84,5,2024-11-25,10:00,2024-2025
2791,52,13,2024-12-02,08:00,2024-2025
2792,79,19,2024-12-04,14:00,2024-2025
2793,45,10,2024-12-04,16:00,2024-2025
2794,78,20,2024-12-03,10:00,2024-2025
2795,37,18,2024-12-02,14:00,2024-2025
2796,66,16,2024-12-03,16:00,2024-2025
2797,9,11,2024-12-01,14:00,2024-2025
2798,61,20,2024-12-02,08:00,2024-2025
2799,14,14,2024-12-02,14:00,2024-2025
2800,17,19,2024-12-05,14:00,2024-2025
2801,27,6,2024-12-03,14:00,2024-2025
2802,4,6,2024-12-04,12:00,2024-2025
2803,50,8,2024-12-04,12:00,2024-2025
2804,8,10,2024-12-01,14:00,2024-2025
2805,36,10,2024-12-02,18:00,2024-2025
2806,2,9,2024-12-04,14:00,2024-2025
2807,49,10,2024-12-02,14:00,2024-2025
2808,53,1,2024-12-03,18:00,2024-2025
2809,85,16,2024-12-01,10:00,2024-2025
2810,7,19,2024-12-02,14:00,2024-2025
2811,6,9,2024-12-03,10:00,2024-2025
2812,20,2,2024-12-03,16:00,2024-2025
2813,71,2,2024-12-04,18:00,2024-2025
2814,67,18,2024-12-03,08:00,2024-2025
2815,26,6,2024-12-02,10:00,2024-2025
2816,77,3,2024-12-01,10:00,2024-2025
2817,13,6,2024-12-02,16:00,2024-2025
2818,65,11,2024-12-05,18:00,2024-2025
2819,32,2,2024-12-05,12:00,2024-2025
2820,42,10,2024-12-04,10:00,2024-2025
2821,17,18,2024-12-12,12:00,2024-2025
2822,3,11,2024-12-08,12:00,2024-2025
2823,25,15,2024-12-12,08:00,2024-2025
2824,27,19,2024-12-12,16:00,2024-2025
2825,14,11,2024-12-12,08:00,2024-2025
2826,68,4,2024-12-08,16:00,2024-2025
2827,69,4,2024-12-12,18:00,2024-2025
2828,80,6,2024-12-09,14:00,2024-2025
2829,49,13,2024-12-11,14:00,2024-2025
2830,54,14,2024-12-08,08:00,2024-2025
2831,78,19,2024-12-08,10:00,2024-2025
2832,62,6,2024-12-10,14:00,2024-2025
2833,18,13,2024-12-10,18:00,2024-2025
2834,75,19,2024-12-12,08:00,2024-2025
2835,21,18,2024-12-12,16:00,2024-2025
2836,38,7,2024-12-08,10:00,2024-2025
2837,79,1,2024-12-10,18:00,2024-2025
2838,66,15,2024-12-10,14:00,2024-2025
2839,29,2,2024-12-09,12:00,2024-2025
2840,26,16,2024-12-11,18:00,2024-2025
2841,36,2,2024-12-12,10:00,2024-2025
2842,15,11,2024-12-08,08:00,2024-2025
2843,7,6,2024-12-09,12:00,2024-2025
2844,57,8,2024-12-12,12:00,2024-2025
2845,10,13,2024-12-10,10:00,2024-2025
2846,64,2,2024-12-10,10:00,2024-2025
2847,65,2,2024-12-12,18:00,2024-2025
2848,55,11,2024-12-12,08:00,2024-2025
2849,8,13,2024-12-08,14:00,2024-2025
2850,70,7,2024-12-09,10:00,2024-2025
2851,9,2,2024-12-18,08:00,2024-2025
2852,83,13,2024-12-19,14:00,2024-2025
2853,81,4,2024-12-16,16:00,2024-2025
2854,32,13,2024-12-16,12:00,2024-2025
2855,17,9,2024-12-18,18:00,2024-2025
2856,66,6,2024-12-18,08:00,2024-2025
2857,76,18,2024-12-19,10:00,2024-2025
2858,34,15,2024-12-19,08:00,2024-2025
2859,75,20,2024-12-19,12:00,2024-2025
2860,33,20,2024-12-15,08:00,2024-2025
2861,25,13,2024-12-15,08:00,2024-2025
2862,49,14,2024-12-17,08:00,2024-2025
2863,27,9,2024-12-16,10:00,2024-2025
2864,69,11,2024-12-16,16:00,2024-2025
2865,45,2,2024-12-19,10:00,2024-2025
2866,40,8,2024-12-16,10:00,2024-2025
2867,86,1,2024-12-17,14:00,2024-2025
2868,38,6,2024-12-17,10:00,2024-2025
2869,15,3,2024-12-15,18:00,2024-2025
2870,26,19,2024-12-19,18:00,2024-2025
2871,74,17,2024-12-16,08:00,2024-2025
2872,35,3,2024-12-15,12:00,2024-2025
2873,28,16,2024-12-18,14:00,2024-2025
2874,78,17,2024-12-18,10:00,2024-2025
2875,84,19,2024-12-15,16:00,2024-2025
2876,18,11,2024-12-16,14:00,2024-2025
2877,1,20,2024-12-19,14:00,2024-2025
2878,70,16,2024-12-16,10:00,2024-2025
2879,47,6,2024-12-18,10:00,2024-2025
2880,56,4,2024-12-16,16:00,2024-2025
2881,81,1,2024-12-25,08:00,2024-2025
2882,42,3,2024-12-23,08:00,2024-2025
2883,30,10,2024-12-26,08:00,2024-2025
2884,65,3,2024-12-24,12:00,2024-2025
2885,6,8,2024-12-22,18:00,2024-2025
2886,72,4,2024-12-26,10:00,2024-2025
2887,78,4,2024-12-24,08:00,2024-2025
2888,22,10,2024-12-25,08:00,2024-2025
2889,1,17,2024-12-24,16:00,2024-2025
2890,34,4,2024-12-25,16:00,2024-2025
2891,85,7,2024-12-26,12:00,2024-2025
2892,28,18,2024-12-26,08:00,2024-2025
2893,84,10,2024-12-26,12:00,2024-2025
2894,18,12,2024-12-23,10:00,2024-2025
2895,40,13,2024-12-23,18:00,2024-2025
2896,64,12,2024-12-22,14:00,2024-2025
2897,49,13,2024-12-23,08:00,2024-2025
2898,69,17,2024-12-22,18:00,2024-2025
2899,59,19,2024-12-22,18:00,2024-2025
2900,39,1,2024-12-22,12:00,2024-2025
2901,16,13,2024-12-25,18:00,2024-2025
2902,26,12,2024-12-23,16:00,2024-2025
2903,52,10,2024-12-26,10:00,2024-2025
2904,73,3,2024-12-25,16:00,2024-2025
2905,15,16,2024-12-25,18:00,2024-2025
2906,68,5,2024-12-24,18:00,2024-2025
2907,75,13,2024-12-24,14:00,2024-2025
2908,77,14,2024-12-24,14:00,2024-2025
2909,31,2,2024-12-24,16:00,2024-2025
2910,7,20,2024-12-24,14:00,2024-2025
2911,41,7,2025-01-01,16:00,2024-2025
2912,82,5,2024-12-31,14:00,2024-2025
2913,66,19,2024-12-29,10:00,2024-2025
2914,49,2,2025-01-01,18:00,2024-2025
2915,35,14,2024-12-31,18:00,2024-2025
2916,61,3,2025-01-01,16:00,2024-2025
2917,43,1,2024-12-31,08:00,2024-2025
2918,67,3,2025-01-02,08:00,2024-2025
2919,4,10,2024-12-31,10:00,2024-2025
2920,6,11,2025-01-02,10:00,2024-2025
2921,21,1,2025-01-02,18:00,2024-2025
2922,84,11,2025-01-01,18:00,2024-2025
2923,42,11,2025-01-01,16:00,2024-2025
2924,56,11,2024-12-29,14:00,2024-2025
2925,69,3,2025-01-01,18:00,2024-2025
2926,38,18,2025-01-01,12:00,2024-2025
2927,7,10,2024-12-29,08:00,2024-2025
2928,11,19,2024-12-31,10:00,2024-2025
2929,5,15,2025-01-02,14:00,2024-2025
2930,71,1,2024-12-29,12:00,2024-2025
2931,48,10,2025-01-01,08:00,2024-2025
2932,47,8,2025-01-01,18:00,2024-2025
2933,17,12,2025-01-02,10:00,2024-2025
2934,31,10,2025-01-02,08:00,2024-2025
2935,87,11,2024-12-31,12:00,2024-2025
2936,57,15,2024-12-31,10:00,2024-2025
2937,34,20,2024-12-29,16:00,2024-2025
2938,24,1,2024-12-29,18:00,2024-2025
2939,54,8,2024-12-30,16:00,2024-2025
2940,68,11,2025-01-01,10:00,2024-2025
2941,49,7,2025-01-08,12:00,2024-2025
2942,84,2,2025-01-09,14:00,2024-2025
2943,47,15,2025-01-08,16:00,2024-2025
2944,21,18,2025-01-09,10:00,2024-2025
2945,30,16,2025-01-05,08:00,2024-2025
2946,2,11,2025-01-06,12:00,2024-2025
2947,51,2,2025-01-07,16:00,2024-2025
2948,43,20,2025-01-05,16:00,2024-2025
2949,35,11,2025-01-08,12:00,2024-2025
2950,27,7,2025-01-07,12:00,2024-2025
2951,79,10,2025-01-08,18:00,2024-2025
2952,9,15,2025-01-07,10:00,2024-2025
2953,10,8,2025-01-06,16:00,2024-2025
2954,76,15,2025-01-06,10:00,2024-2025
2955,13,8,2025-01-06,16:00,2024-2025
2956,52,18,2025-01-07,18:00,2024-2025
2957,25,11,2025-01-09,10:00,2024-2025
2958,70,17,2025-01-05,10:00,2024-2025
2959,61,8,2025-01-08,18:00,2024-2025
2960,56,16,2025-01-08,12:00,2024-2025
2961,16,7,2025-01-08,16:00,2024-2025
2962,78,4,2025-01-09,08:00,2024-2025
2963,38,7,2025-01-06,16:00,2024-2025
2964,66,18,2025-01-07,10:00,2024-2025
2965,83,10,2025-01-06,12:00,2024-2025
2966,14,9,2025-01-09,10:00,2024-2025
2967,39,4,2025-01-05,10:00,2024-2025
2968,71,14,2025-01-07,08:00,2024-2025
2969,80,2,2025-01-05,08:00,2024-2025
2970,26,6,2025-01-08,08:00,2024-2025
2971,9,19,2025-01-14,14:00,2024-2025
2972,51,14,2025-01-15,08:00,2024-2025
2973,70,20,2025-01-16,16:00,2024-2025
2974,50,1,2025-01-13,08:00,2024-2025
2975,60,8,2025-01-15,14:00,2024-2025
2976,74,18,2025-01-15,18:00,2024-2025
2977,62,12,2025-01-15,10:00,2024-2025
2978,20,10,2025-01-15,12:00,2024-2025
2979,23,16,2025-01-13,16:00,2024-2025
2980,63,14,2025-01-12,10:00,2024-2025
2981,54,17,2025-01-14,16:00,2024-2025
2982,41,17,2025-01-16,10:00,2024-2025
2983,85,4,2025-01-15,10:00,2024-2025
2984,42,13,2025-01-14,18:00,2024-2025
2985,24,15,2025-01-16,12:00,2024-2025
2986,10,13,2025-01-15,18:00,2024-2025
2987,71,17,2025-01-13,10:00,2024-2025
2988,6,19,2025-01-16,12:00,2024-2025
2989,67,8,2025-01-16,12:00,2024-2025
2990,29,14,2025-01-14,18:00,2024-2025
2991,21,2,2025-01-15,08:00,2024-2025
2992,36,13,2025-01-14,12:00,2024-2025
2993,56,16,2025-01-12,16:00,2024-2025
2994,18,2,2025-01-14,16:00,2024-2025
2995,65,13,2025-01-15,16:00,2024-2025
2996,26,3,2025-01-12,18:00,2024-2025
2997,13,6,2025-01-12,16:00,2024-2025
2998,55,17,2025-01-12,10:00,2024-2025
2999,19,4,2025-01-12,16:00,2024-2025
3000,37,8,2025-01-12,18:00,2024-2025
